Workbook
Name Sched: Output!#REF!
Name Sched: '2004'!$D$1:$I$1588
Name Sort: '2004'!$D$1:$G$1621

Sheet Output
B1: INCHES - 2004 - Les Savy Fav
A2: Team# | B2: 13 | C2: 7 | D2: 8 | E2: 9 | F2: 17 | G2: 14 | H2: 20 | I2: 2 | J2: 10 | K2: 3 | L2: 16 | M2: 1 | N2: 4 | O2: 5 | P2: 12 | Q2: 23 | R2: 22 | S2: 11 | T2: 21 | U2: 24
A3: Division | B3: J U M P I N G | G3: C R U I S E | L3: B A R C E L O N A | Q3: G O O D B Y E
A4: Team | B4: BBG | C4: BAR | D4: CTW | E4: CIN | F4: GAR | G4: CEN | H4: FDH | I4: NEP | J4: REN | K4: TEW | L4: DIG | M4: FFR | N4: NNN | O4: OKO | P4: RMO | Q4: BRK | R4: CBB | S4: HAR | T4: NYD | U4: PHI
A5: 38082 | B5: =IF(ISNA(VLOOKUP($A5&B$2,'2004'!$B$2:$K$1621,10,0)),VLOOKUP($A5&B$2,'2004'!$A$2:$K$1621,10,0),VLOOKUP($A5&B$2,'2004'!$B$2:$K$1621,10,0)) -> CBB | C5: =IF(ISNA(VLOOKUP($A5&C$2,'2004'!$B$2:$K$1621,10,0)),VLOOKUP($A5&C$2,'2004'!$A$2:$K$1621,10,0),VLOOKUP($A5&C$2,'2004'!$B$2:$K$1621,10,0)) -> PHI | D5: =IF(ISNA(VLOOKUP($A5&D$2,'2004'!$B$2:$K$1621,10,0)),VLOOKUP($A5&D$2,'2004'!$A$2:$K$1621,10,0),VLOOKUP($A5&D$2,'2004'!$B$2:$K$1621,10,0)) -> NYD | E5: =IF(ISNA(VLOOKUP($A5&E$2,'2004'!$B$2:$K$1621,10,0)),VLOOKUP($A5&E$2,'2004'!$A$2:$K$1621,10,0),VLOOKUP($A5&E$2,'2004'!$B$2:$K$1621,10,0)) -> HAR | F5: =IF(ISNA(VLOOKUP($A5&F$2,'2004'!$B$2:$K$1621,10,0)),VLOOKUP($A5&F$2,'2004'!$A$2:$K$1621,10,0),VLOOKUP($A5&F$2,'2004'!$B$2:$K$1621,10,0)) -> BRK | G5: =IF(ISNA(VLOOKUP($A5&G$2,'2004'!$B$2:$K$1621,10,0)),VLOOKUP($A5&G$2,'2004'!$A$2:$K$1621,10,0),VLOOKUP($A5&G$2,'2004'!$B$2:$K$1621,10,0)) -> RMO | H5: =IF(ISNA(VLOOKUP($A5&H$2,'2004'!$B$2:$K$1621,10,0)),VLOOKUP($A5&H$2,'2004'!$A$2:$K$1621,10,0),VLOOKUP($A5&H$2,'2004'!$B$2:$K$1621,10,0)) -> FFR | I5: =IF(ISNA(VLOOKUP($A5&I$2,'2004'!$B$2:$K$1621,10,0)),VLOOKUP($A5&I$2,'2004'!$A$2:$K$1621,10,0),VLOOKUP($A5&I$2,'2004'!$B$2:$K$1621,10,0)) -> NNN | ... U5: =IF(ISNA(VLOOKUP($A5&U$2,'2004'!$B$2:$K$1621,10,0)),VLOOKUP($A5&U$2,'2004'!$A$2:$K$1621,10,0),VLOOKUP($A5&U$2,'2004'!$B$2:$K$1621,10,0)) -> @BAR
A6: =A5+1 -> 38083 | B6: =IF(ISNA(VLOOKUP($A6&B$2,'2004'!$B$2:$K$1621,10,0)),VLOOKUP($A6&B$2,'2004'!$A$2:$K$1621,10,0),VLOOKUP($A6&B$2,'2004'!$B$2:$K$1621,10,0)) -> CBB | C6: =IF(ISNA(VLOOKUP($A6&C$2,'2004'!$B$2:$K$1621,10,0)),VLOOKUP($A6&C$2,'2004'!$A$2:$K$1621,10,0),VLOOKUP($A6&C$2,'2004'!$B$2:$K$1621,10,0)) -> PHI | D6: =IF(ISNA(VLOOKUP($A6&D$2,'2004'!$B$2:$K$1621,10,0)),VLOOKUP($A6&D$2,'2004'!$A$2:$K$1621,10,0),VLOOKUP($A6&D$2,'2004'!$B$2:$K$1621,10,0)) -> NYD | E6: =IF(ISNA(VLOOKUP($A6&E$2,'2004'!$B$2:$K$1621,10,0)),VLOOKUP($A6&E$2,'2004'!$A$2:$K$1621,10,0),VLOOKUP($A6&E$2,'2004'!$B$2:$K$1621,10,0)) -> HAR | F6: =IF(ISNA(VLOOKUP($A6&F$2,'2004'!$B$2:$K$1621,10,0)),VLOOKUP($A6&F$2,'2004'!$A$2:$K$1621,10,0),VLOOKUP($A6&F$2,'2004'!$B$2:$K$1621,10,0)) -> BRK | G6: =IF(ISNA(VLOOKUP($A6&G$2,'2004'!$B$2:$K$1621,10,0)),VLOOKUP($A6&G$2,'2004'!$A$2:$K$1621,10,0),VLOOKUP($A6&G$2,'2004'!$B$2:$K$1621,10,0)) -> RMO | H6: =IF(ISNA(VLOOKUP($A6&H$2,'2004'!$B$2:$K$1621,10,0)),VLOOKUP($A6&H$2,'2004'!$A$2:$K$1621,10,0),VLOOKUP($A6&H$2,'2004'!$B$2:$K$1621,10,0)) -> FFR | I6: =IF(ISNA(VLOOKUP($A6&I$2,'2004'!$B$2:$K$1621,10,0)),VLOOKUP($A6&I$2,'2004'!$A$2:$K$1621,10,0),VLOOKUP($A6&I$2,'2004'!$B$2:$K$1621,10,0)) -> NNN | ... U6: =IF(ISNA(VLOOKUP($A6&U$2,'2004'!$B$2:$K$1621,10,0)),VLOOKUP($A6&U$2,'2004'!$A$2:$K$1621,10,0),VLOOKUP($A6&U$2,'2004'!$B$2:$K$1621,10,0)) -> @BAR
A7: =A6+1 -> 38084 | B7: =IF(ISNA(VLOOKUP($A7&B$2,'2004'!$B$2:$K$1621,10,0)),VLOOKUP($A7&B$2,'2004'!$A$2:$K$1621,10,0),VLOOKUP($A7&B$2,'2004'!$B$2:$K$1621,10,0)) -> CBB | C7: =IF(ISNA(VLOOKUP($A7&C$2,'2004'!$B$2:$K$1621,10,0)),VLOOKUP($A7&C$2,'2004'!$A$2:$K$1621,10,0),VLOOKUP($A7&C$2,'2004'!$B$2:$K$1621,10,0)) -> PHI | D7: =IF(ISNA(VLOOKUP($A7&D$2,'2004'!$B$2:$K$1621,10,0)),VLOOKUP($A7&D$2,'2004'!$A$2:$K$1621,10,0),VLOOKUP($A7&D$2,'2004'!$B$2:$K$1621,10,0)) -> NYD | E7: =IF(ISNA(VLOOKUP($A7&E$2,'2004'!$B$2:$K$1621,10,0)),VLOOKUP($A7&E$2,'2004'!$A$2:$K$1621,10,0),VLOOKUP($A7&E$2,'2004'!$B$2:$K$1621,10,0)) -> HAR | F7: =IF(ISNA(VLOOKUP($A7&F$2,'2004'!$B$2:$K$1621,10,0)),VLOOKUP($A7&F$2,'2004'!$A$2:$K$1621,10,0),VLOOKUP($A7&F$2,'2004'!$B$2:$K$1621,10,0)) -> BRK | G7: =IF(ISNA(VLOOKUP($A7&G$2,'2004'!$B$2:$K$1621,10,0)),VLOOKUP($A7&G$2,'2004'!$A$2:$K$1621,10,0),VLOOKUP($A7&G$2,'2004'!$B$2:$K$1621,10,0)) -> RMO | H7: =IF(ISNA(VLOOKUP($A7&H$2,'2004'!$B$2:$K$1621,10,0)),VLOOKUP($A7&H$2,'2004'!$A$2:$K$1621,10,0),VLOOKUP($A7&H$2,'2004'!$B$2:$K$1621,10,0)) -> FFR | I7: =IF(ISNA(VLOOKUP($A7&I$2,'2004'!$B$2:$K$1621,10,0)),VLOOKUP($A7&I$2,'2004'!$A$2:$K$1621,10,0),VLOOKUP($A7&I$2,'2004'!$B$2:$K$1621,10,0)) -> NNN | ... U7: =IF(ISNA(VLOOKUP($A7&U$2,'2004'!$B$2:$K$1621,10,0)),VLOOKUP($A7&U$2,'2004'!$A$2:$K$1621,10,0),VLOOKUP($A7&U$2,'2004'!$B$2:$K$1621,10,0)) -> @BAR
A8: =A7+1 -> 38085 | B8: =IF(ISNA(VLOOKUP($A8&B$2,'2004'!$B$2:$K$1621,10,0)),VLOOKUP($A8&B$2,'2004'!$A$2:$K$1621,10,0),VLOOKUP($A8&B$2,'2004'!$B$2:$K$1621,10,0)) -> CBB | C8: =IF(ISNA(VLOOKUP($A8&C$2,'2004'!$B$2:$K$1621,10,0)),VLOOKUP($A8&C$2,'2004'!$A$2:$K$1621,10,0),VLOOKUP($A8&C$2,'2004'!$B$2:$K$1621,10,0)) -> PHI | D8: =IF(ISNA(VLOOKUP($A8&D$2,'2004'!$B$2:$K$1621,10,0)),VLOOKUP($A8&D$2,'2004'!$A$2:$K$1621,10,0),VLOOKUP($A8&D$2,'2004'!$B$2:$K$1621,10,0)) -> NYD | E8: =IF(ISNA(VLOOKUP($A8&E$2,'2004'!$B$2:$K$1621,10,0)),VLOOKUP($A8&E$2,'2004'!$A$2:$K$1621,10,0),VLOOKUP($A8&E$2,'2004'!$B$2:$K$1621,10,0)) -> HAR | F8: =IF(ISNA(VLOOKUP($A8&F$2,'2004'!$B$2:$K$1621,10,0)),VLOOKUP($A8&F$2,'2004'!$A$2:$K$1621,10,0),VLOOKUP($A8&F$2,'2004'!$B$2:$K$1621,10,0)) -> BRK | G8: =IF(ISNA(VLOOKUP($A8&G$2,'2004'!$B$2:$K$1621,10,0)),VLOOKUP($A8&G$2,'2004'!$A$2:$K$1621,10,0),VLOOKUP($A8&G$2,'2004'!$B$2:$K$1621,10,0)) -> RMO | H8: =IF(ISNA(VLOOKUP($A8&H$2,'2004'!$B$2:$K$1621,10,0)),VLOOKUP($A8&H$2,'2004'!$A$2:$K$1621,10,0),VLOOKUP($A8&H$2,'2004'!$B$2:$K$1621,10,0)) -> FFR | I8: =IF(ISNA(VLOOKUP($A8&I$2,'2004'!$B$2:$K$1621,10,0)),VLOOKUP($A8&I$2,'2004'!$A$2:$K$1621,10,0),VLOOKUP($A8&I$2,'2004'!$B$2:$K$1621,10,0)) -> NNN | ... U8: =IF(ISNA(VLOOKUP($A8&U$2,'2004'!$B$2:$K$1621,10,0)),VLOOKUP($A8&U$2,'2004'!$A$2:$K$1621,10,0),VLOOKUP($A8&U$2,'2004'!$B$2:$K$1621,10,0)) -> @BAR
A9: =A8+1 -> 38086 | B9: =IF(ISNA(VLOOKUP($A9&B$2,'2004'!$B$2:$K$1621,10,0)),VLOOKUP($A9&B$2,'2004'!$A$2:$K$1621,10,0),VLOOKUP($A9&B$2,'2004'!$B$2:$K$1621,10,0)) -> @TEW | C9: =IF(ISNA(VLOOKUP($A9&C$2,'2004'!$B$2:$K$1621,10,0)),VLOOKUP($A9&C$2,'2004'!$A$2:$K$1621,10,0),VLOOKUP($A9&C$2,'2004'!$B$2:$K$1621,10,0)) -> CTW | D9: =IF(ISNA(VLOOKUP($A9&D$2,'2004'!$B$2:$K$1621,10,0)),VLOOKUP($A9&D$2,'2004'!$A$2:$K$1621,10,0),VLOOKUP($A9&D$2,'2004'!$B$2:$K$1621,10,0)) -> @BAR | E9: =IF(ISNA(VLOOKUP($A9&E$2,'2004'!$B$2:$K$1621,10,0)),VLOOKUP($A9&E$2,'2004'!$A$2:$K$1621,10,0),VLOOKUP($A9&E$2,'2004'!$B$2:$K$1621,10,0)) -> GAR | F9: =IF(ISNA(VLOOKUP($A9&F$2,'2004'!$B$2:$K$1621,10,0)),VLOOKUP($A9&F$2,'2004'!$A$2:$K$1621,10,0),VLOOKUP($A9&F$2,'2004'!$B$2:$K$1621,10,0)) -> @CIN | G9: =IF(ISNA(VLOOKUP($A9&G$2,'2004'!$B$2:$K$1621,10,0)),VLOOKUP($A9&G$2,'2004'!$A$2:$K$1621,10,0),VLOOKUP($A9&G$2,'2004'!$B$2:$K$1621,10,0)) -> NEP | H9: =IF(ISNA(VLOOKUP($A9&H$2,'2004'!$B$2:$K$1621,10,0)),VLOOKUP($A9&H$2,'2004'!$A$2:$K$1621,10,0),VLOOKUP($A9&H$2,'2004'!$B$2:$K$1621,10,0)) -> REN | I9: =IF(ISNA(VLOOKUP($A9&I$2,'2004'!$B$2:$K$1621,10,0)),VLOOKUP($A9&I$2,'2004'!$A$2:$K$1621,10,0),VLOOKUP($A9&I$2,'2004'!$B$2:$K$1621,10,0)) -> @CEN | ... U9: =IF(ISNA(VLOOKUP($A9&U$2,'2004'!$B$2:$K$1621,10,0)),VLOOKUP($A9&U$2,'2004'!$A$2:$K$1621,10,0),VLOOKUP($A9&U$2,'2004'!$B$2:$K$1621,10,0)) -> @CBB
A10: =A9+1 -> 38087 | B10: =IF(ISNA(VLOOKUP($A10&B$2,'2004'!$B$2:$K$1621,10,0)),VLOOKUP($A10&B$2,'2004'!$A$2:$K$1621,10,0),VLOOKUP($A10&B$2,'2004'!$B$2:$K$1621,10,0)) -> @TEW | C10: =IF(ISNA(VLOOKUP($A10&C$2,'2004'!$B$2:$K$1621,10,0)),VLOOKUP($A10&C$2,'2004'!$A$2:$K$1621,10,0),VLOOKUP($A10&C$2,'2004'!$B$2:$K$1621,10,0)) -> CTW | D10: =IF(ISNA(VLOOKUP($A10&D$2,'2004'!$B$2:$K$1621,10,0)),VLOOKUP($A10&D$2,'2004'!$A$2:$K$1621,10,0),VLOOKUP($A10&D$2,'2004'!$B$2:$K$1621,10,0)) -> @BAR | E10: =IF(ISNA(VLOOKUP($A10&E$2,'2004'!$B$2:$K$1621,10,0)),VLOOKUP($A10&E$2,'2004'!$A$2:$K$1621,10,0),VLOOKUP($A10&E$2,'2004'!$B$2:$K$1621,10,0)) -> GAR | F10: =IF(ISNA(VLOOKUP($A10&F$2,'2004'!$B$2:$K$1621,10,0)),VLOOKUP($A10&F$2,'2004'!$A$2:$K$1621,10,0),VLOOKUP($A10&F$2,'2004'!$B$2:$K$1621,10,0)) -> @CIN | G10: =IF(ISNA(VLOOKUP($A10&G$2,'2004'!$B$2:$K$1621,10,0)),VLOOKUP($A10&G$2,'2004'!$A$2:$K$1621,10,0),VLOOKUP($A10&G$2,'2004'!$B$2:$K$1621,10,0)) -> NEP | H10: =IF(ISNA(VLOOKUP($A10&H$2,'2004'!$B$2:$K$1621,10,0)),VLOOKUP($A10&H$2,'2004'!$A$2:$K$1621,10,0),VLOOKUP($A10&H$2,'2004'!$B$2:$K$1621,10,0)) -> REN | I10: =IF(ISNA(VLOOKUP($A10&I$2,'2004'!$B$2:$K$1621,10,0)),VLOOKUP($A10&I$2,'2004'!$A$2:$K$1621,10,0),VLOOKUP($A10&I$2,'2004'!$B$2:$K$1621,10,0)) -> @CEN | ... U10: =IF(ISNA(VLOOKUP($A10&U$2,'2004'!$B$2:$K$1621,10,0)),VLOOKUP($A10&U$2,'2004'!$A$2:$K$1621,10,0),VLOOKUP($A10&U$2,'2004'!$B$2:$K$1621,10,0)) -> @CBB
A11: =A10+1 -> 38088 | B11: =IF(ISNA(VLOOKUP($A11&B$2,'2004'!$B$2:$K$1621,10,0)),VLOOKUP($A11&B$2,'2004'!$A$2:$K$1621,10,0),VLOOKUP($A11&B$2,'2004'!$B$2:$K$1621,10,0)) -> @TEW | C11: =IF(ISNA(VLOOKUP($A11&C$2,'2004'!$B$2:$K$1621,10,0)),VLOOKUP($A11&C$2,'2004'!$A$2:$K$1621,10,0),VLOOKUP($A11&C$2,'2004'!$B$2:$K$1621,10,0)) -> CTW | D11: =IF(ISNA(VLOOKUP($A11&D$2,'2004'!$B$2:$K$1621,10,0)),VLOOKUP($A11&D$2,'2004'!$A$2:$K$1621,10,0),VLOOKUP($A11&D$2,'2004'!$B$2:$K$1621,10,0)) -> @BAR | E11: =IF(ISNA(VLOOKUP($A11&E$2,'2004'!$B$2:$K$1621,10,0)),VLOOKUP($A11&E$2,'2004'!$A$2:$K$1621,10,0),VLOOKUP($A11&E$2,'2004'!$B$2:$K$1621,10,0)) -> GAR | F11: =IF(ISNA(VLOOKUP($A11&F$2,'2004'!$B$2:$K$1621,10,0)),VLOOKUP($A11&F$2,'2004'!$A$2:$K$1621,10,0),VLOOKUP($A11&F$2,'2004'!$B$2:$K$1621,10,0)) -> @CIN | G11: =IF(ISNA(VLOOKUP($A11&G$2,'2004'!$B$2:$K$1621,10,0)),VLOOKUP($A11&G$2,'2004'!$A$2:$K$1621,10,0),VLOOKUP($A11&G$2,'2004'!$B$2:$K$1621,10,0)) -> NEP | H11: =IF(ISNA(VLOOKUP($A11&H$2,'2004'!$B$2:$K$1621,10,0)),VLOOKUP($A11&H$2,'2004'!$A$2:$K$1621,10,0),VLOOKUP($A11&H$2,'2004'!$B$2:$K$1621,10,0)) -> REN | I11: =IF(ISNA(VLOOKUP($A11&I$2,'2004'!$B$2:$K$1621,10,0)),VLOOKUP($A11&I$2,'2004'!$A$2:$K$1621,10,0),VLOOKUP($A11&I$2,'2004'!$B$2:$K$1621,10,0)) -> @CEN | ... U11: =IF(ISNA(VLOOKUP($A11&U$2,'2004'!$B$2:$K$1621,10,0)),VLOOKUP($A11&U$2,'2004'!$A$2:$K$1621,10,0),VLOOKUP($A11&U$2,'2004'!$B$2:$K$1621,10,0)) -> @CBB
A12: =A11+1 -> 38089 | B12: =IF(ISNA(VLOOKUP($A12&B$2,'2004'!$B$2:$K$1621,10,0)),VLOOKUP($A12&B$2,'2004'!$A$2:$K$1621,10,0),VLOOKUP($A12&B$2,'2004'!$B$2:$K$1621,10,0)) -> @TEW | C12: =IF(ISNA(VLOOKUP($A12&C$2,'2004'!$B$2:$K$1621,10,0)),VLOOKUP($A12&C$2,'2004'!$A$2:$K$1621,10,0),VLOOKUP($A12&C$2,'2004'!$B$2:$K$1621,10,0)) -> #N/A | D12: =IF(ISNA(VLOOKUP($A12&D$2,'2004'!$B$2:$K$1621,10,0)),VLOOKUP($A12&D$2,'2004'!$A$2:$K$1621,10,0),VLOOKUP($A12&D$2,'2004'!$B$2:$K$1621,10,0)) -> #N/A | E12: =IF(ISNA(VLOOKUP($A12&E$2,'2004'!$B$2:$K$1621,10,0)),VLOOKUP($A12&E$2,'2004'!$A$2:$K$1621,10,0),VLOOKUP($A12&E$2,'2004'!$B$2:$K$1621,10,0)) -> #N/A | F12: =IF(ISNA(VLOOKUP($A12&F$2,'2004'!$B$2:$K$1621,10,0)),VLOOKUP($A12&F$2,'2004'!$A$2:$K$1621,10,0),VLOOKUP($A12&F$2,'2004'!$B$2:$K$1621,10,0)) -> #N/A | G12: =IF(ISNA(VLOOKUP($A12&G$2,'2004'!$B$2:$K$1621,10,0)),VLOOKUP($A12&G$2,'2004'!$A$2:$K$1621,10,0),VLOOKUP($A12&G$2,'2004'!$B$2:$K$1621,10,0)) -> #N/A | H12: =IF(ISNA(VLOOKUP($A12&H$2,'2004'!$B$2:$K$1621,10,0)),VLOOKUP($A12&H$2,'2004'!$A$2:$K$1621,10,0),VLOOKUP($A12&H$2,'2004'!$B$2:$K$1621,10,0)) -> #N/A | I12: =IF(ISNA(VLOOKUP($A12&I$2,'2004'!$B$2:$K$1621,10,0)),VLOOKUP($A12&I$2,'2004'!$A$2:$K$1621,10,0),VLOOKUP($A12&I$2,'2004'!$B$2:$K$1621,10,0)) -> #N/A | ... U12: =IF(ISNA(VLOOKUP($A12&U$2,'2004'!$B$2:$K$1621,10,0)),VLOOKUP($A12&U$2,'2004'!$A$2:$K$1621,10,0),VLOOKUP($A12&U$2,'2004'!$B$2:$K$1621,10,0)) -> #N/A
A13: =A12+1 -> 38090 | B13: =IF(ISNA(VLOOKUP($A13&B$2,'2004'!$B$2:$K$1621,10,0)),VLOOKUP($A13&B$2,'2004'!$A$2:$K$1621,10,0),VLOOKUP($A13&B$2,'2004'!$B$2:$K$1621,10,0)) -> HAR | C13: =IF(ISNA(VLOOKUP($A13&C$2,'2004'!$B$2:$K$1621,10,0)),VLOOKUP($A13&C$2,'2004'!$A$2:$K$1621,10,0),VLOOKUP($A13&C$2,'2004'!$B$2:$K$1621,10,0)) -> CBB | D13: =IF(ISNA(VLOOKUP($A13&D$2,'2004'!$B$2:$K$1621,10,0)),VLOOKUP($A13&D$2,'2004'!$A$2:$K$1621,10,0),VLOOKUP($A13&D$2,'2004'!$B$2:$K$1621,10,0)) -> PHI | E13: =IF(ISNA(VLOOKUP($A13&E$2,'2004'!$B$2:$K$1621,10,0)),VLOOKUP($A13&E$2,'2004'!$A$2:$K$1621,10,0),VLOOKUP($A13&E$2,'2004'!$B$2:$K$1621,10,0)) -> BRK | F13: =IF(ISNA(VLOOKUP($A13&F$2,'2004'!$B$2:$K$1621,10,0)),VLOOKUP($A13&F$2,'2004'!$A$2:$K$1621,10,0),VLOOKUP($A13&F$2,'2004'!$B$2:$K$1621,10,0)) -> NYD | G13: =IF(ISNA(VLOOKUP($A13&G$2,'2004'!$B$2:$K$1621,10,0)),VLOOKUP($A13&G$2,'2004'!$A$2:$K$1621,10,0),VLOOKUP($A13&G$2,'2004'!$B$2:$K$1621,10,0)) -> OKO | H13: =IF(ISNA(VLOOKUP($A13&H$2,'2004'!$B$2:$K$1621,10,0)),VLOOKUP($A13&H$2,'2004'!$A$2:$K$1621,10,0),VLOOKUP($A13&H$2,'2004'!$B$2:$K$1621,10,0)) -> DIG | I13: =IF(ISNA(VLOOKUP($A13&I$2,'2004'!$B$2:$K$1621,10,0)),VLOOKUP($A13&I$2,'2004'!$A$2:$K$1621,10,0),VLOOKUP($A13&I$2,'2004'!$B$2:$K$1621,10,0)) -> RMO | ... U13: =IF(ISNA(VLOOKUP($A13&U$2,'2004'!$B$2:$K$1621,10,0)),VLOOKUP($A13&U$2,'2004'!$A$2:$K$1621,10,0),VLOOKUP($A13&U$2,'2004'!$B$2:$K$1621,10,0)) -> @CTW
A14: =A13+1 -> 38091 | B14: =IF(ISNA(VLOOKUP($A14&B$2,'2004'!$B$2:$K$1621,10,0)),VLOOKUP($A14&B$2,'2004'!$A$2:$K$1621,10,0),VLOOKUP($A14&B$2,'2004'!$B$2:$K$1621,10,0)) -> HAR | C14: =IF(ISNA(VLOOKUP($A14&C$2,'2004'!$B$2:$K$1621,10,0)),VLOOKUP($A14&C$2,'2004'!$A$2:$K$1621,10,0),VLOOKUP($A14&C$2,'2004'!$B$2:$K$1621,10,0)) -> CBB | D14: =IF(ISNA(VLOOKUP($A14&D$2,'2004'!$B$2:$K$1621,10,0)),VLOOKUP($A14&D$2,'2004'!$A$2:$K$1621,10,0),VLOOKUP($A14&D$2,'2004'!$B$2:$K$1621,10,0)) -> PHI | E14: =IF(ISNA(VLOOKUP($A14&E$2,'2004'!$B$2:$K$1621,10,0)),VLOOKUP($A14&E$2,'2004'!$A$2:$K$1621,10,0),VLOOKUP($A14&E$2,'2004'!$B$2:$K$1621,10,0)) -> BRK | F14: =IF(ISNA(VLOOKUP($A14&F$2,'2004'!$B$2:$K$1621,10,0)),VLOOKUP($A14&F$2,'2004'!$A$2:$K$1621,10,0),VLOOKUP($A14&F$2,'2004'!$B$2:$K$1621,10,0)) -> NYD | G14: =IF(ISNA(VLOOKUP($A14&G$2,'2004'!$B$2:$K$1621,10,0)),VLOOKUP($A14&G$2,'2004'!$A$2:$K$1621,10,0),VLOOKUP($A14&G$2,'2004'!$B$2:$K$1621,10,0)) -> OKO | H14: =IF(ISNA(VLOOKUP($A14&H$2,'2004'!$B$2:$K$1621,10,0)),VLOOKUP($A14&H$2,'2004'!$A$2:$K$1621,10,0),VLOOKUP($A14&H$2,'2004'!$B$2:$K$1621,10,0)) -> DIG | I14: =IF(ISNA(VLOOKUP($A14&I$2,'2004'!$B$2:$K$1621,10,0)),VLOOKUP($A14&I$2,'2004'!$A$2:$K$1621,10,0),VLOOKUP($A14&I$2,'2004'!$B$2:$K$1621,10,0)) -> RMO | ... U14: =IF(ISNA(VLOOKUP($A14&U$2,'2004'!$B$2:$K$1621,10,0)),VLOOKUP($A14&U$2,'2004'!$A$2:$K$1621,10,0),VLOOKUP($A14&U$2,'2004'!$B$2:$K$1621,10,0)) -> @CTW
A15: =A14+1 -> 38092 | B15: =IF(ISNA(VLOOKUP($A15&B$2,'2004'!$B$2:$K$1621,10,0)),VLOOKUP($A15&B$2,'2004'!$A$2:$K$1621,10,0),VLOOKUP($A15&B$2,'2004'!$B$2:$K$1621,10,0)) -> HAR | C15: =IF(ISNA(VLOOKUP($A15&C$2,'2004'!$B$2:$K$1621,10,0)),VLOOKUP($A15&C$2,'2004'!$A$2:$K$1621,10,0),VLOOKUP($A15&C$2,'2004'!$B$2:$K$1621,10,0)) -> CBB | D15: =IF(ISNA(VLOOKUP($A15&D$2,'2004'!$B$2:$K$1621,10,0)),VLOOKUP($A15&D$2,'2004'!$A$2:$K$1621,10,0),VLOOKUP($A15&D$2,'2004'!$B$2:$K$1621,10,0)) -> PHI | E15: =IF(ISNA(VLOOKUP($A15&E$2,'2004'!$B$2:$K$1621,10,0)),VLOOKUP($A15&E$2,'2004'!$A$2:$K$1621,10,0),VLOOKUP($A15&E$2,'2004'!$B$2:$K$1621,10,0)) -> BRK | F15: =IF(ISNA(VLOOKUP($A15&F$2,'2004'!$B$2:$K$1621,10,0)),VLOOKUP($A15&F$2,'2004'!$A$2:$K$1621,10,0),VLOOKUP($A15&F$2,'2004'!$B$2:$K$1621,10,0)) -> NYD | G15: =IF(ISNA(VLOOKUP($A15&G$2,'2004'!$B$2:$K$1621,10,0)),VLOOKUP($A15&G$2,'2004'!$A$2:$K$1621,10,0),VLOOKUP($A15&G$2,'2004'!$B$2:$K$1621,10,0)) -> OKO | H15: =IF(ISNA(VLOOKUP($A15&H$2,'2004'!$B$2:$K$1621,10,0)),VLOOKUP($A15&H$2,'2004'!$A$2:$K$1621,10,0),VLOOKUP($A15&H$2,'2004'!$B$2:$K$1621,10,0)) -> DIG | I15: =IF(ISNA(VLOOKUP($A15&I$2,'2004'!$B$2:$K$1621,10,0)),VLOOKUP($A15&I$2,'2004'!$A$2:$K$1621,10,0),VLOOKUP($A15&I$2,'2004'!$B$2:$K$1621,10,0)) -> RMO | ... U15: =IF(ISNA(VLOOKUP($A15&U$2,'2004'!$B$2:$K$1621,10,0)),VLOOKUP($A15&U$2,'2004'!$A$2:$K$1621,10,0),VLOOKUP($A15&U$2,'2004'!$B$2:$K$1621,10,0)) -> @CTW
A16: =A15+1 -> 38093 | B16: =IF(ISNA(VLOOKUP($A16&B$2,'2004'!$B$2:$K$1621,10,0)),VLOOKUP($A16&B$2,'2004'!$A$2:$K$1621,10,0),VLOOKUP($A16&B$2,'2004'!$B$2:$K$1621,10,0)) -> HAR | C16: =IF(ISNA(VLOOKUP($A16&C$2,'2004'!$B$2:$K$1621,10,0)),VLOOKUP($A16&C$2,'2004'!$A$2:$K$1621,10,0),VLOOKUP($A16&C$2,'2004'!$B$2:$K$1621,10,0)) -> CBB | D16: =IF(ISNA(VLOOKUP($A16&D$2,'2004'!$B$2:$K$1621,10,0)),VLOOKUP($A16&D$2,'2004'!$A$2:$K$1621,10,0),VLOOKUP($A16&D$2,'2004'!$B$2:$K$1621,10,0)) -> PHI | E16: =IF(ISNA(VLOOKUP($A16&E$2,'2004'!$B$2:$K$1621,10,0)),VLOOKUP($A16&E$2,'2004'!$A$2:$K$1621,10,0),VLOOKUP($A16&E$2,'2004'!$B$2:$K$1621,10,0)) -> BRK | F16: =IF(ISNA(VLOOKUP($A16&F$2,'2004'!$B$2:$K$1621,10,0)),VLOOKUP($A16&F$2,'2004'!$A$2:$K$1621,10,0),VLOOKUP($A16&F$2,'2004'!$B$2:$K$1621,10,0)) -> NYD | G16: =IF(ISNA(VLOOKUP($A16&G$2,'2004'!$B$2:$K$1621,10,0)),VLOOKUP($A16&G$2,'2004'!$A$2:$K$1621,10,0),VLOOKUP($A16&G$2,'2004'!$B$2:$K$1621,10,0)) -> OKO | H16: =IF(ISNA(VLOOKUP($A16&H$2,'2004'!$B$2:$K$1621,10,0)),VLOOKUP($A16&H$2,'2004'!$A$2:$K$1621,10,0),VLOOKUP($A16&H$2,'2004'!$B$2:$K$1621,10,0)) -> DIG | I16: =IF(ISNA(VLOOKUP($A16&I$2,'2004'!$B$2:$K$1621,10,0)),VLOOKUP($A16&I$2,'2004'!$A$2:$K$1621,10,0),VLOOKUP($A16&I$2,'2004'!$B$2:$K$1621,10,0)) -> RMO | ... U16: =IF(ISNA(VLOOKUP($A16&U$2,'2004'!$B$2:$K$1621,10,0)),VLOOKUP($A16&U$2,'2004'!$A$2:$K$1621,10,0),VLOOKUP($A16&U$2,'2004'!$B$2:$K$1621,10,0)) -> @CTW
A17: =A16+1 -> 38094 | B17: =IF(ISNA(VLOOKUP($A17&B$2,'2004'!$B$2:$K$1621,10,0)),VLOOKUP($A17&B$2,'2004'!$A$2:$K$1621,10,0),VLOOKUP($A17&B$2,'2004'!$B$2:$K$1621,10,0)) -> FDH | C17: =IF(ISNA(VLOOKUP($A17&C$2,'2004'!$B$2:$K$1621,10,0)),VLOOKUP($A17&C$2,'2004'!$A$2:$K$1621,10,0),VLOOKUP($A17&C$2,'2004'!$B$2:$K$1621,10,0)) -> TEW | D17: =IF(ISNA(VLOOKUP($A17&D$2,'2004'!$B$2:$K$1621,10,0)),VLOOKUP($A17&D$2,'2004'!$A$2:$K$1621,10,0),VLOOKUP($A17&D$2,'2004'!$B$2:$K$1621,10,0)) -> CEN | E17: =IF(ISNA(VLOOKUP($A17&E$2,'2004'!$B$2:$K$1621,10,0)),VLOOKUP($A17&E$2,'2004'!$A$2:$K$1621,10,0),VLOOKUP($A17&E$2,'2004'!$B$2:$K$1621,10,0)) -> REN | F17: =IF(ISNA(VLOOKUP($A17&F$2,'2004'!$B$2:$K$1621,10,0)),VLOOKUP($A17&F$2,'2004'!$A$2:$K$1621,10,0),VLOOKUP($A17&F$2,'2004'!$B$2:$K$1621,10,0)) -> NEP | G17: =IF(ISNA(VLOOKUP($A17&G$2,'2004'!$B$2:$K$1621,10,0)),VLOOKUP($A17&G$2,'2004'!$A$2:$K$1621,10,0),VLOOKUP($A17&G$2,'2004'!$B$2:$K$1621,10,0)) -> @CTW | H17: =IF(ISNA(VLOOKUP($A17&H$2,'2004'!$B$2:$K$1621,10,0)),VLOOKUP($A17&H$2,'2004'!$A$2:$K$1621,10,0),VLOOKUP($A17&H$2,'2004'!$B$2:$K$1621,10,0)) -> @BBG | I17: =IF(ISNA(VLOOKUP($A17&I$2,'2004'!$B$2:$K$1621,10,0)),VLOOKUP($A17&I$2,'2004'!$A$2:$K$1621,10,0),VLOOKUP($A17&I$2,'2004'!$B$2:$K$1621,10,0)) -> @GAR | ... U17: =IF(ISNA(VLOOKUP($A17&U$2,'2004'!$B$2:$K$1621,10,0)),VLOOKUP($A17&U$2,'2004'!$A$2:$K$1621,10,0),VLOOKUP($A17&U$2,'2004'!$B$2:$K$1621,10,0)) -> @NNN
... A186: =A185+1 -> 38263 | B186: =IF(ISNA(VLOOKUP($A186&B$2,'2004'!$B$2:$K$1621,10,0)),VLOOKUP($A186&B$2,'2004'!$A$2:$K$1621,10,0),VLOOKUP($A186&B$2,'2004'!$B$2:$K$1621,10,0)) -> #N/A | C186: =IF(ISNA(VLOOKUP($A186&C$2,'2004'!$B$2:$K$1621,10,0)),VLOOKUP($A186&C$2,'2004'!$A$2:$K$1621,10,0),VLOOKUP($A186&C$2,'2004'!$B$2:$K$1621,10,0)) -> #N/A | D186: =IF(ISNA(VLOOKUP($A186&D$2,'2004'!$B$2:$K$1621,10,0)),VLOOKUP($A186&D$2,'2004'!$A$2:$K$1621,10,0),VLOOKUP($A186&D$2,'2004'!$B$2:$K$1621,10,0)) -> #N/A | E186: =IF(ISNA(VLOOKUP($A186&E$2,'2004'!$B$2:$K$1621,10,0)),VLOOKUP($A186&E$2,'2004'!$A$2:$K$1621,10,0),VLOOKUP($A186&E$2,'2004'!$B$2:$K$1621,10,0)) -> #N/A | F186: =IF(ISNA(VLOOKUP($A186&F$2,'2004'!$B$2:$K$1621,10,0)),VLOOKUP($A186&F$2,'2004'!$A$2:$K$1621,10,0),VLOOKUP($A186&F$2,'2004'!$B$2:$K$1621,10,0)) -> #N/A | G186: =IF(ISNA(VLOOKUP($A186&G$2,'2004'!$B$2:$K$1621,10,0)),VLOOKUP($A186&G$2,'2004'!$A$2:$K$1621,10,0),VLOOKUP($A186&G$2,'2004'!$B$2:$K$1621,10,0)) -> #N/A | H186: =IF(ISNA(VLOOKUP($A186&H$2,'2004'!$B$2:$K$1621,10,0)),VLOOKUP($A186&H$2,'2004'!$A$2:$K$1621,10,0),VLOOKUP($A186&H$2,'2004'!$B$2:$K$1621,10,0)) -> #N/A | I186: =IF(ISNA(VLOOKUP($A186&I$2,'2004'!$B$2:$K$1621,10,0)),VLOOKUP($A186&I$2,'2004'!$A$2:$K$1621,10,0),VLOOKUP($A186&I$2,'2004'!$B$2:$K$1621,10,0)) -> #N/A | ... U186: =IF(ISNA(VLOOKUP($A186&U$2,'2004'!$B$2:$K$1621,10,0)),VLOOKUP($A186&U$2,'2004'!$A$2:$K$1621,10,0),VLOOKUP($A186&U$2,'2004'!$B$2:$K$1621,10,0)) -> #N/A
A188: DIAGNOSTICS
A189: home | B189: =SUM(B191:B210) -> 81 | C189: =SUM(C191:C210) -> 81 | D189: =SUM(D191:D210) -> 81 | E189: =SUM(E191:E210) -> 81 | F189: =SUM(F191:F210) -> 81 | G189: =SUM(G191:G210) -> 81 | H189: =SUM(H191:H210) -> 81 | I189: =SUM(I191:I210) -> 81 | ... U189: =SUM(U191:U210) -> 81
A190: away | B190: =SUM(B211:B230) -> 81 | C190: =SUM(C211:C230) -> 81 | D190: =SUM(D211:D230) -> 81 | E190: =SUM(E211:E230) -> 81 | F190: =SUM(F211:F230) -> 81 | G190: =SUM(G211:G230) -> 81 | H190: =SUM(H211:H230) -> 81 | I190: =SUM(I211:I230) -> 81 | ... U190: =SUM(U211:U230) -> 81
A191: BBG | B191: =COUNTIF(B$5:B$187,$A191) -> 0 | C191: =COUNTIF(C$5:C$187,$A191) -> 6 | D191: =COUNTIF(D$5:D$187,$A191) -> 5 | E191: =COUNTIF(E$5:E$187,$A191) -> 5 | F191: =COUNTIF(F$5:F$187,$A191) -> 5 | G191: =COUNTIF(G$5:G$187,$A191) -> 4 | H191: =COUNTIF(H$5:H$187,$A191) -> 4 | I191: =COUNTIF(I$5:I$187,$A191) -> 4 | ... U191: =COUNTIF(U$5:U$187,$A191) -> 4
A192: BAR | B192: =COUNTIF(B$5:B$187,$A192) -> 5 | C192: =COUNTIF(C$5:C$187,$A192) -> 0 | D192: =COUNTIF(D$5:D$187,$A192) -> 6 | E192: =COUNTIF(E$5:E$187,$A192) -> 5 | F192: =COUNTIF(F$5:F$187,$A192) -> 5 | G192: =COUNTIF(G$5:G$187,$A192) -> 4 | H192: =COUNTIF(H$5:H$187,$A192) -> 4 | I192: =COUNTIF(I$5:I$187,$A192) -> 4 | ... U192: =COUNTIF(U$5:U$187,$A192) -> 4
A193: CTW | B193: =COUNTIF(B$5:B$187,$A193) -> 5 | C193: =COUNTIF(C$5:C$187,$A193) -> 5 | D193: =COUNTIF(D$5:D$187,$A193) -> 0 | E193: =COUNTIF(E$5:E$187,$A193) -> 6 | F193: =COUNTIF(F$5:F$187,$A193) -> 5 | G193: =COUNTIF(G$5:G$187,$A193) -> 4 | H193: =COUNTIF(H$5:H$187,$A193) -> 4 | I193: =COUNTIF(I$5:I$187,$A193) -> 4 | ... U193: =COUNTIF(U$5:U$187,$A193) -> 4
A194: CIN | B194: =COUNTIF(B$5:B$187,$A194) -> 5 | C194: =COUNTIF(C$5:C$187,$A194) -> 5 | D194: =COUNTIF(D$5:D$187,$A194) -> 5 | E194: =COUNTIF(E$5:E$187,$A194) -> 0 | F194: =COUNTIF(F$5:F$187,$A194) -> 6 | G194: =COUNTIF(G$5:G$187,$A194) -> 4 | H194: =COUNTIF(H$5:H$187,$A194) -> 4 | I194: =COUNTIF(I$5:I$187,$A194) -> 4 | ... U194: =COUNTIF(U$5:U$187,$A194) -> 4
A195: GAR | B195: =COUNTIF(B$5:B$187,$A195) -> 6 | C195: =COUNTIF(C$5:C$187,$A195) -> 5 | D195: =COUNTIF(D$5:D$187,$A195) -> 5 | E195: =COUNTIF(E$5:E$187,$A195) -> 5 | F195: =COUNTIF(F$5:F$187,$A195) -> 0 | G195: =COUNTIF(G$5:G$187,$A195) -> 4 | H195: =COUNTIF(H$5:H$187,$A195) -> 4 | I195: =COUNTIF(I$5:I$187,$A195) -> 4 | ... U195: =COUNTIF(U$5:U$187,$A195) -> 4
A196: CEN | B196: =COUNTIF(B$5:B$187,$A196) -> 4 | C196: =COUNTIF(C$5:C$187,$A196) -> 4 | D196: =COUNTIF(D$5:D$187,$A196) -> 4 | E196: =COUNTIF(E$5:E$187,$A196) -> 4 | F196: =COUNTIF(F$5:F$187,$A196) -> 4 | G196: =COUNTIF(G$5:G$187,$A196) -> 0 | H196: =COUNTIF(H$5:H$187,$A196) -> 6 | I196: =COUNTIF(I$5:I$187,$A196) -> 5 | ... U196: =COUNTIF(U$5:U$187,$A196) -> 4
A197: FDH | B197: =COUNTIF(B$5:B$187,$A197) -> 4 | C197: =COUNTIF(C$5:C$187,$A197) -> 4 | D197: =COUNTIF(D$5:D$187,$A197) -> 4 | E197: =COUNTIF(E$5:E$187,$A197) -> 4 | F197: =COUNTIF(F$5:F$187,$A197) -> 4 | G197: =COUNTIF(G$5:G$187,$A197) -> 6 | H197: =COUNTIF(H$5:H$187,$A197) -> 0 | I197: =COUNTIF(I$5:I$187,$A197) -> 5 | ... U197: =COUNTIF(U$5:U$187,$A197) -> 4
A198: NEP | B198: =COUNTIF(B$5:B$187,$A198) -> 4 | C198: =COUNTIF(C$5:C$187,$A198) -> 4 | D198: =COUNTIF(D$5:D$187,$A198) -> 4 | E198: =COUNTIF(E$5:E$187,$A198) -> 4 | F198: =COUNTIF(F$5:F$187,$A198) -> 4 | G198: =COUNTIF(G$5:G$187,$A198) -> 5 | H198: =COUNTIF(H$5:H$187,$A198) -> 5 | I198: =COUNTIF(I$5:I$187,$A198) -> 0 | ... U198: =COUNTIF(U$5:U$187,$A198) -> 4
A199: REN | B199: =COUNTIF(B$5:B$187,$A199) -> 4 | C199: =COUNTIF(C$5:C$187,$A199) -> 4 | D199: =COUNTIF(D$5:D$187,$A199) -> 4 | E199: =COUNTIF(E$5:E$187,$A199) -> 4 | F199: =COUNTIF(F$5:F$187,$A199) -> 4 | G199: =COUNTIF(G$5:G$187,$A199) -> 5 | H199: =COUNTIF(H$5:H$187,$A199) -> 5 | I199: =COUNTIF(I$5:I$187,$A199) -> 5 | ... U199: =COUNTIF(U$5:U$187,$A199) -> 4
A200: TEW | B200: =COUNTIF(B$5:B$187,$A200) -> 4 | C200: =COUNTIF(C$5:C$187,$A200) -> 4 | D200: =COUNTIF(D$5:D$187,$A200) -> 4 | E200: =COUNTIF(E$5:E$187,$A200) -> 4 | F200: =COUNTIF(F$5:F$187,$A200) -> 4 | G200: =COUNTIF(G$5:G$187,$A200) -> 5 | H200: =COUNTIF(H$5:H$187,$A200) -> 5 | I200: =COUNTIF(I$5:I$187,$A200) -> 6 | ... U200: =COUNTIF(U$5:U$187,$A200) -> 4
A201: DIG | B201: =COUNTIF(B$5:B$187,$A201) -> 4 | C201: =COUNTIF(C$5:C$187,$A201) -> 4 | D201: =COUNTIF(D$5:D$187,$A201) -> 4 | E201: =COUNTIF(E$5:E$187,$A201) -> 4 | F201: =COUNTIF(F$5:F$187,$A201) -> 4 | G201: =COUNTIF(G$5:G$187,$A201) -> 4 | H201: =COUNTIF(H$5:H$187,$A201) -> 4 | I201: =COUNTIF(I$5:I$187,$A201) -> 4 | ... U201: =COUNTIF(U$5:U$187,$A201) -> 4
A202: FFR | B202: =COUNTIF(B$5:B$187,$A202) -> 4 | C202: =COUNTIF(C$5:C$187,$A202) -> 4 | D202: =COUNTIF(D$5:D$187,$A202) -> 4 | E202: =COUNTIF(E$5:E$187,$A202) -> 4 | F202: =COUNTIF(F$5:F$187,$A202) -> 4 | G202: =COUNTIF(G$5:G$187,$A202) -> 4 | H202: =COUNTIF(H$5:H$187,$A202) -> 4 | I202: =COUNTIF(I$5:I$187,$A202) -> 4 | ... U202: =COUNTIF(U$5:U$187,$A202) -> 4
... A210: PHI | B210: =COUNTIF(B$5:B$187,$A210) -> 4 | C210: =COUNTIF(C$5:C$187,$A210) -> 4 | D210: =COUNTIF(D$5:D$187,$A210) -> 4 | E210: =COUNTIF(E$5:E$187,$A210) -> 4 | F210: =COUNTIF(F$5:F$187,$A210) -> 4 | G210: =COUNTIF(G$5:G$187,$A210) -> 4 | H210: =COUNTIF(H$5:H$187,$A210) -> 4 | I210: =COUNTIF(I$5:I$187,$A210) -> 4 | ... U210: =COUNTIF(U$5:U$187,$A210) -> 0
A211: ="@"&A191 -> @BBG | B211: =COUNTIF(B$5:B$187,$A211) -> 0 | C211: =COUNTIF(C$5:C$187,$A211) -> 5 | D211: =COUNTIF(D$5:D$187,$A211) -> 5 | E211: =COUNTIF(E$5:E$187,$A211) -> 5 | F211: =COUNTIF(F$5:F$187,$A211) -> 6 | G211: =COUNTIF(G$5:G$187,$A211) -> 4 | H211: =COUNTIF(H$5:H$187,$A211) -> 4 | I211: =COUNTIF(I$5:I$187,$A211) -> 4 | ... U211: =COUNTIF(U$5:U$187,$A211) -> 4
A212: ="@"&A192 -> @BAR | B212: =COUNTIF(B$5:B$187,$A212) -> 6 | C212: =COUNTIF(C$5:C$187,$A212) -> 0 | D212: =COUNTIF(D$5:D$187,$A212) -> 5 | E212: =COUNTIF(E$5:E$187,$A212) -> 5 | F212: =COUNTIF(F$5:F$187,$A212) -> 5 | G212: =COUNTIF(G$5:G$187,$A212) -> 4 | H212: =COUNTIF(H$5:H$187,$A212) -> 4 | I212: =COUNTIF(I$5:I$187,$A212) -> 4 | ... U212: =COUNTIF(U$5:U$187,$A212) -> 4
A213: ="@"&A193 -> @CTW | B213: =COUNTIF(B$5:B$187,$A213) -> 5 | C213: =COUNTIF(C$5:C$187,$A213) -> 6 | D213: =COUNTIF(D$5:D$187,$A213) -> 0 | E213: =COUNTIF(E$5:E$187,$A213) -> 5 | F213: =COUNTIF(F$5:F$187,$A213) -> 5 | G213: =COUNTIF(G$5:G$187,$A213) -> 4 | H213: =COUNTIF(H$5:H$187,$A213) -> 4 | I213: =COUNTIF(I$5:I$187,$A213) -> 4 | ... U213: =COUNTIF(U$5:U$187,$A213) -> 4
A214: ="@"&A194 -> @CIN | B214: =COUNTIF(B$5:B$187,$A214) -> 5 | C214: =COUNTIF(C$5:C$187,$A214) -> 5 | D214: =COUNTIF(D$5:D$187,$A214) -> 6 | E214: =COUNTIF(E$5:E$187,$A214) -> 0 | F214: =COUNTIF(F$5:F$187,$A214) -> 5 | G214: =COUNTIF(G$5:G$187,$A214) -> 4 | H214: =COUNTIF(H$5:H$187,$A214) -> 4 | I214: =COUNTIF(I$5:I$187,$A214) -> 4 | ... U214: =COUNTIF(U$5:U$187,$A214) -> 4
A215: ="@"&A195 -> @GAR | B215: =COUNTIF(B$5:B$187,$A215) -> 5 | C215: =COUNTIF(C$5:C$187,$A215) -> 5 | D215: =COUNTIF(D$5:D$187,$A215) -> 5 | E215: =COUNTIF(E$5:E$187,$A215) -> 6 | F215: =COUNTIF(F$5:F$187,$A215) -> 0 | G215: =COUNTIF(G$5:G$187,$A215) -> 4 | H215: =COUNTIF(H$5:H$187,$A215) -> 4 | I215: =COUNTIF(I$5:I$187,$A215) -> 4 | ... U215: =COUNTIF(U$5:U$187,$A215) -> 4
A216: ="@"&A196 -> @CEN | B216: =COUNTIF(B$5:B$187,$A216) -> 4 | C216: =COUNTIF(C$5:C$187,$A216) -> 4 | D216: =COUNTIF(D$5:D$187,$A216) -> 4 | E216: =COUNTIF(E$5:E$187,$A216) -> 4 | F216: =COUNTIF(F$5:F$187,$A216) -> 4 | G216: =COUNTIF(G$5:G$187,$A216) -> 0 | H216: =COUNTIF(H$5:H$187,$A216) -> 6 | I216: =COUNTIF(I$5:I$187,$A216) -> 5 | ... U216: =COUNTIF(U$5:U$187,$A216) -> 4
A217: ="@"&A197 -> @FDH | B217: =COUNTIF(B$5:B$187,$A217) -> 4 | C217: =COUNTIF(C$5:C$187,$A217) -> 4 | D217: =COUNTIF(D$5:D$187,$A217) -> 4 | E217: =COUNTIF(E$5:E$187,$A217) -> 4 | F217: =COUNTIF(F$5:F$187,$A217) -> 4 | G217: =COUNTIF(G$5:G$187,$A217) -> 6 | H217: =COUNTIF(H$5:H$187,$A217) -> 0 | I217: =COUNTIF(I$5:I$187,$A217) -> 5 | ... U217: =COUNTIF(U$5:U$187,$A217) -> 4
A218: ="@"&A198 -> @NEP | B218: =COUNTIF(B$5:B$187,$A218) -> 4 | C218: =COUNTIF(C$5:C$187,$A218) -> 4 | D218: =COUNTIF(D$5:D$187,$A218) -> 4 | E218: =COUNTIF(E$5:E$187,$A218) -> 4 | F218: =COUNTIF(F$5:F$187,$A218) -> 4 | G218: =COUNTIF(G$5:G$187,$A218) -> 5 | H218: =COUNTIF(H$5:H$187,$A218) -> 5 | I218: =COUNTIF(I$5:I$187,$A218) -> 0 | ... U218: =COUNTIF(U$5:U$187,$A218) -> 4
A219: ="@"&A199 -> @REN | B219: =COUNTIF(B$5:B$187,$A219) -> 4 | C219: =COUNTIF(C$5:C$187,$A219) -> 4 | D219: =COUNTIF(D$5:D$187,$A219) -> 4 | E219: =COUNTIF(E$5:E$187,$A219) -> 4 | F219: =COUNTIF(F$5:F$187,$A219) -> 4 | G219: =COUNTIF(G$5:G$187,$A219) -> 5 | H219: =COUNTIF(H$5:H$187,$A219) -> 5 | I219: =COUNTIF(I$5:I$187,$A219) -> 6 | ... U219: =COUNTIF(U$5:U$187,$A219) -> 4
A220: ="@"&A200 -> @TEW | B220: =COUNTIF(B$5:B$187,$A220) -> 4 | C220: =COUNTIF(C$5:C$187,$A220) -> 4 | D220: =COUNTIF(D$5:D$187,$A220) -> 4 | E220: =COUNTIF(E$5:E$187,$A220) -> 4 | F220: =COUNTIF(F$5:F$187,$A220) -> 4 | G220: =COUNTIF(G$5:G$187,$A220) -> 5 | H220: =COUNTIF(H$5:H$187,$A220) -> 5 | I220: =COUNTIF(I$5:I$187,$A220) -> 5 | ... U220: =COUNTIF(U$5:U$187,$A220) -> 4
A221: ="@"&A201 -> @DIG | B221: =COUNTIF(B$5:B$187,$A221) -> 4 | C221: =COUNTIF(C$5:C$187,$A221) -> 4 | D221: =COUNTIF(D$5:D$187,$A221) -> 4 | E221: =COUNTIF(E$5:E$187,$A221) -> 4 | F221: =COUNTIF(F$5:F$187,$A221) -> 4 | G221: =COUNTIF(G$5:G$187,$A221) -> 4 | H221: =COUNTIF(H$5:H$187,$A221) -> 4 | I221: =COUNTIF(I$5:I$187,$A221) -> 4 | ... U221: =COUNTIF(U$5:U$187,$A221) -> 4
A222: ="@"&A202 -> @FFR | B222: =COUNTIF(B$5:B$187,$A222) -> 4 | C222: =COUNTIF(C$5:C$187,$A222) -> 4 | D222: =COUNTIF(D$5:D$187,$A222) -> 4 | E222: =COUNTIF(E$5:E$187,$A222) -> 4 | F222: =COUNTIF(F$5:F$187,$A222) -> 4 | G222: =COUNTIF(G$5:G$187,$A222) -> 4 | H222: =COUNTIF(H$5:H$187,$A222) -> 4 | I222: =COUNTIF(I$5:I$187,$A222) -> 4 | ... U222: =COUNTIF(U$5:U$187,$A222) -> 4
... A230: ="@"&A210 -> @PHI | B230: =COUNTIF(B$5:B$187,$A230) -> 4 | C230: =COUNTIF(C$5:C$187,$A230) -> 4 | D230: =COUNTIF(D$5:D$187,$A230) -> 4 | E230: =COUNTIF(E$5:E$187,$A230) -> 4 | F230: =COUNTIF(F$5:F$187,$A230) -> 4 | G230: =COUNTIF(G$5:G$187,$A230) -> 4 | H230: =COUNTIF(H$5:H$187,$A230) -> 4 | I230: =COUNTIF(I$5:I$187,$A230) -> 4 | ... U230: =COUNTIF(U$5:U$187,$A230) -> 0
A231: =A191 -> BBG | B231: =B191+B211 -> 0 | C231: =C191+C211 -> 11 | D231: =D191+D211 -> 10 | E231: =E191+E211 -> 10 | F231: =F191+F211 -> 11 | G231: =G191+G211 -> 8 | H231: =H191+H211 -> 8 | I231: =I191+I211 -> 8 | ... U231: =U191+U211 -> 8
A232: =A192 -> BAR | B232: =B192+B212 -> 11 | C232: =C192+C212 -> 0 | D232: =D192+D212 -> 11 | E232: =E192+E212 -> 10 | F232: =F192+F212 -> 10 | G232: =G192+G212 -> 8 | H232: =H192+H212 -> 8 | I232: =I192+I212 -> 8 | ... U232: =U192+U212 -> 8
A233: =A193 -> CTW | B233: =B193+B213 -> 10 | C233: =C193+C213 -> 11 | D233: =D193+D213 -> 0 | E233: =E193+E213 -> 11 | F233: =F193+F213 -> 10 | G233: =G193+G213 -> 8 | H233: =H193+H213 -> 8 | I233: =I193+I213 -> 8 | ... U233: =U193+U213 -> 8
A234: =A194 -> CIN | B234: =B194+B214 -> 10 | C234: =C194+C214 -> 10 | D234: =D194+D214 -> 11 | E234: =E194+E214 -> 0 | F234: =F194+F214 -> 11 | G234: =G194+G214 -> 8 | H234: =H194+H214 -> 8 | I234: =I194+I214 -> 8 | ... U234: =U194+U214 -> 8
A235: =A195 -> GAR | B235: =B195+B215 -> 11 | C235: =C195+C215 -> 10 | D235: =D195+D215 -> 10 | E235: =E195+E215 -> 11 | F235: =F195+F215 -> 0 | G235: =G195+G215 -> 8 | H235: =H195+H215 -> 8 | I235: =I195+I215 -> 8 | ... U235: =U195+U215 -> 8
A236: =A196 -> CEN | B236: =B196+B216 -> 8 | C236: =C196+C216 -> 8 | D236: =D196+D216 -> 8 | E236: =E196+E216 -> 8 | F236: =F196+F216 -> 8 | G236: =G196+G216 -> 0 | H236: =H196+H216 -> 12 | I236: =I196+I216 -> 10 | ... U236: =U196+U216 -> 8
A237: =A197 -> FDH | B237: =B197+B217 -> 8 | C237: =C197+C217 -> 8 | D237: =D197+D217 -> 8 | E237: =E197+E217 -> 8 | F237: =F197+F217 -> 8 | G237: =G197+G217 -> 12 | H237: =H197+H217 -> 0 | I237: =I197+I217 -> 10 | ... U237: =U197+U217 -> 8
A238: =A198 -> NEP | B238: =B198+B218 -> 8 | C238: =C198+C218 -> 8 | D238: =D198+D218 -> 8 | E238: =E198+E218 -> 8 | F238: =F198+F218 -> 8 | G238: =G198+G218 -> 10 | H238: =H198+H218 -> 10 | I238: =I198+I218 -> 0 | ... U238: =U198+U218 -> 8
A239: =A199 -> REN | B239: =B199+B219 -> 8 | C239: =C199+C219 -> 8 | D239: =D199+D219 -> 8 | E239: =E199+E219 -> 8 | F239: =F199+F219 -> 8 | G239: =G199+G219 -> 10 | H239: =H199+H219 -> 10 | I239: =I199+I219 -> 11 | ... U239: =U199+U219 -> 8
A240: =A200 -> TEW | B240: =B200+B220 -> 8 | C240: =C200+C220 -> 8 | D240: =D200+D220 -> 8 | E240: =E200+E220 -> 8 | F240: =F200+F220 -> 8 | G240: =G200+G220 -> 10 | H240: =H200+H220 -> 10 | I240: =I200+I220 -> 11 | ... U240: =U200+U220 -> 8
A241: =A201 -> DIG | B241: =B201+B221 -> 8 | C241: =C201+C221 -> 8 | D241: =D201+D221 -> 8 | E241: =E201+E221 -> 8 | F241: =F201+F221 -> 8 | G241: =G201+G221 -> 8 | H241: =H201+H221 -> 8 | I241: =I201+I221 -> 8 | ... U241: =U201+U221 -> 8
A242: =A202 -> FFR | B242: =B202+B222 -> 8 | C242: =C202+C222 -> 8 | D242: =D202+D222 -> 8 | E242: =E202+E222 -> 8 | F242: =F202+F222 -> 8 | G242: =G202+G222 -> 8 | H242: =H202+H222 -> 8 | I242: =I202+I222 -> 8 | ... U242: =U202+U222 -> 8
... A250: =A210 -> PHI | B250: =B210+B230 -> 8 | C250: =C210+C230 -> 8 | D250: =D210+D230 -> 8 | E250: =E210+E230 -> 8 | F250: =F210+F230 -> 8 | G250: =G210+G230 -> 8 | H250: =H210+H230 -> 8 | I250: =I210+I230 -> 8 | ... U250: =U210+U230 -> 0

Sheet 2004
A1: Combo Home | B1: Combo Away | C1: Seq | D1: Game Date | E1: god | F1: Vis | G1: Home | H1: Type | I1: Status | J1: Vis | K1: Home | L1: Paste as text for import | M1: ID | N1: Team | O1: Div
A2: =D2&G2 -> 380822 | B2: =D2&F2 -> 380824 | C2: 1 | D2: 38082 | E2: 0 | F2: 4 | G2: 2 | H2: 2 | I2: 0 | J2: =VLOOKUP(F2,$M$2:$N$21,2,0) -> NNN | K2: ="@"&VLOOKUP(G2,$M$2:$N$21,2,0) -> @NEP | L2: =C2&","&MONTH(D2)&"/"&DAY(D2)&"/"&YEAR(D2)&","&E2&","&F2&","&G2&","&H2&","&I2 -> 1,4/5/2004,0,4,2,2,0 | M2: 13 | N2: BBG | O2: 1
A3: =D3&G3 -> 380823 | B3: =D3&F3 -> 380825 | C3: 2 | D3: 38082 | E3: 0 | F3: 5 | G3: 3 | H3: 2 | I3: 0 | J3: =VLOOKUP(F3,$M$2:$N$21,2,0) -> OKO | K3: ="@"&VLOOKUP(G3,$M$2:$N$21,2,0) -> @TEW | L3: =C3&","&MONTH(D3)&"/"&DAY(D3)&"/"&YEAR(D3)&","&E3&","&F3&","&G3&","&H3&","&I3 -> 2,4/5/2004,0,5,3,2,0 | M3: 7 | N3: BAR | O3: 1
A4: =D4&G4 -> 380827 | B4: =D4&F4 -> 3808224 | C4: 3 | D4: 38082 | E4: 0 | F4: 24 | G4: 7 | H4: 2 | I4: 0 | J4: =VLOOKUP(F4,$M$2:$N$21,2,0) -> PHI | K4: ="@"&VLOOKUP(G4,$M$2:$N$21,2,0) -> @BAR | L4: =C4&","&MONTH(D4)&"/"&DAY(D4)&"/"&YEAR(D4)&","&E4&","&F4&","&G4&","&H4&","&I4 -> 3,4/5/2004,0,24,7,2,0 | M4: 8 | N4: CTW | O4: 1
A5: =D5&G5 -> 380828 | B5: =D5&F5 -> 3808221 | C5: 4 | D5: 38082 | E5: 0 | F5: 21 | G5: 8 | H5: 2 | I5: 0 | J5: =VLOOKUP(F5,$M$2:$N$21,2,0) -> NYD | K5: ="@"&VLOOKUP(G5,$M$2:$N$21,2,0) -> @CTW | L5: =C5&","&MONTH(D5)&"/"&DAY(D5)&"/"&YEAR(D5)&","&E5&","&F5&","&G5&","&H5&","&I5 -> 4,4/5/2004,0,21,8,2,0 | M5: 9 | N5: CIN | O5: 1
A6: =D6&G6 -> 380829 | B6: =D6&F6 -> 3808211 | C6: 5 | D6: 38082 | E6: 0 | F6: 11 | G6: 9 | H6: 2 | I6: 0 | J6: =VLOOKUP(F6,$M$2:$N$21,2,0) -> HAR | K6: ="@"&VLOOKUP(G6,$M$2:$N$21,2,0) -> @CIN | L6: =C6&","&MONTH(D6)&"/"&DAY(D6)&"/"&YEAR(D6)&","&E6&","&F6&","&G6&","&H6&","&I6 -> 5,4/5/2004,0,11,9,2,0 | M6: 17 | N6: GAR | O6: 1
A7: =D7&G7 -> 3808210 | B7: =D7&F7 -> 3808216 | C7: 6 | D7: 38082 | E7: 0 | F7: 16 | G7: 10 | H7: 2 | I7: 0 | J7: =VLOOKUP(F7,$M$2:$N$21,2,0) -> DIG | K7: ="@"&VLOOKUP(G7,$M$2:$N$21,2,0) -> @REN | L7: =C7&","&MONTH(D7)&"/"&DAY(D7)&"/"&YEAR(D7)&","&E7&","&F7&","&G7&","&H7&","&I7 -> 6,4/5/2004,0,16,10,2,0 | M7: 14 | N7: CEN | O7: 2
A8: =D8&G8 -> 3808213 | B8: =D8&F8 -> 3808222 | C8: 7 | D8: 38082 | E8: 0 | F8: 22 | G8: 13 | H8: 2 | I8: 0 | J8: =VLOOKUP(F8,$M$2:$N$21,2,0) -> CBB | K8: ="@"&VLOOKUP(G8,$M$2:$N$21,2,0) -> @BBG | L8: =C8&","&MONTH(D8)&"/"&DAY(D8)&"/"&YEAR(D8)&","&E8&","&F8&","&G8&","&H8&","&I8 -> 7,4/5/2004,0,22,13,2,0 | M8: 20 | N8: FDH | O8: 2
A9: =D9&G9 -> 3808214 | B9: =D9&F9 -> 3808212 | C9: 8 | D9: 38082 | E9: 0 | F9: 12 | G9: 14 | H9: 2 | I9: 0 | J9: =VLOOKUP(F9,$M$2:$N$21,2,0) -> RMO | K9: ="@"&VLOOKUP(G9,$M$2:$N$21,2,0) -> @CEN | L9: =C9&","&MONTH(D9)&"/"&DAY(D9)&"/"&YEAR(D9)&","&E9&","&F9&","&G9&","&H9&","&I9 -> 8,4/5/2004,0,12,14,2,0 | M9: 2 | N9: NEP | O9: 2
A10: =D10&G10 -> 3808217 | B10: =D10&F10 -> 3808223 | C10: 9 | D10: 38082 | E10: 0 | F10: 23 | G10: 17 | H10: 2 | I10: 0 | J10: =VLOOKUP(F10,$M$2:$N$21,2,0) -> BRK | K10: ="@"&VLOOKUP(G10,$M$2:$N$21,2,0) -> @GAR | L10: =C10&","&MONTH(D10)&"/"&DAY(D10)&"/"&YEAR(D10)&","&E10&","&F10&","&G10&","&H10&","&I10 -> 9,4/5/2004,0,23,17,2,0 | M10: 10 | N10: REN | O10: 2
A11: =D11&G11 -> 3808220 | B11: =D11&F11 -> 380821 | C11: 10 | D11: 38082 | E11: 0 | F11: 1 | G11: 20 | H11: 2 | I11: 0 | J11: =VLOOKUP(F11,$M$2:$N$21,2,0) -> FFR | K11: ="@"&VLOOKUP(G11,$M$2:$N$21,2,0) -> @FDH | L11: =C11&","&MONTH(D11)&"/"&DAY(D11)&"/"&YEAR(D11)&","&E11&","&F11&","&G11&","&H11&","&I11 -> 10,4/5/2004,0,1,20,2,0 | M11: 3 | N11: TEW | O11: 2
A12: =D12&G12 -> 380832 | B12: =D12&F12 -> 380834 | C12: 11 | D12: 38083 | E12: 0 | F12: 4 | G12: 2 | H12: 2 | I12: 0 | J12: =VLOOKUP(F12,$M$2:$N$21,2,0) -> NNN | K12: ="@"&VLOOKUP(G12,$M$2:$N$21,2,0) -> @NEP | L12: =C12&","&MONTH(D12)&"/"&DAY(D12)&"/"&YEAR(D12)&","&E12&","&F12&","&G12&","&H12&","&I12 -> 11,4/6/2004,0,4,2,2,0 | M12: 16 | N12: DIG | O12: 3
A13: =D13&G13 -> 380833 | B13: =D13&F13 -> 380835 | C13: 12 | D13: 38083 | E13: 0 | F13: 5 | G13: 3 | H13: 2 | I13: 0 | J13: =VLOOKUP(F13,$M$2:$N$21,2,0) -> OKO | K13: ="@"&VLOOKUP(G13,$M$2:$N$21,2,0) -> @TEW | L13: =C13&","&MONTH(D13)&"/"&DAY(D13)&"/"&YEAR(D13)&","&E13&","&F13&","&G13&","&H13&","&I13 -> 12,4/6/2004,0,5,3,2,0 | M13: 1 | N13: FFR | O13: 3
... A21: =D21&G21 -> 3808320 | B21: =D21&F21 -> 380831 | C21: 20 | D21: 38083 | E21: 0 | F21: 1 | G21: 20 | H21: 2 | I21: 0 | J21: =VLOOKUP(F21,$M$2:$N$21,2,0) -> FFR | K21: ="@"&VLOOKUP(G21,$M$2:$N$21,2,0) -> @FDH | L21: =C21&","&MONTH(D21)&"/"&DAY(D21)&"/"&YEAR(D21)&","&E21&","&F21&","&G21&","&H21&","&I21 -> 20,4/6/2004,0,1,20,2,0 | M21: 24 | N21: PHI | O21: 4
A22: =D22&G22 -> 380842 | B22: =D22&F22 -> 380844 | C22: 21 | D22: 38084 | E22: 0 | F22: 4 | G22: 2 | H22: 2 | I22: 0 | J22: =VLOOKUP(F22,$M$2:$N$21,2,0) -> NNN | K22: ="@"&VLOOKUP(G22,$M$2:$N$21,2,0) -> @NEP | L22: =C22&","&MONTH(D22)&"/"&DAY(D22)&"/"&YEAR(D22)&","&E22&","&F22&","&G22&","&H22&","&I22 -> 21,4/7/2004,0,4,2,2,0
A23: =D23&G23 -> 380843 | B23: =D23&F23 -> 380845 | C23: 22 | D23: 38084 | E23: 0 | F23: 5 | G23: 3 | H23: 2 | I23: 0 | J23: =VLOOKUP(F23,$M$2:$N$21,2,0) -> OKO | K23: ="@"&VLOOKUP(G23,$M$2:$N$21,2,0) -> @TEW | L23: =C23&","&MONTH(D23)&"/"&DAY(D23)&"/"&YEAR(D23)&","&E23&","&F23&","&G23&","&H23&","&I23 -> 22,4/7/2004,0,5,3,2,0
A24: =D24&G24 -> 380847 | B24: =D24&F24 -> 3808424 | C24: 23 | D24: 38084 | E24: 0 | F24: 24 | G24: 7 | H24: 2 | I24: 0 | J24: =VLOOKUP(F24,$M$2:$N$21,2,0) -> PHI | K24: ="@"&VLOOKUP(G24,$M$2:$N$21,2,0) -> @BAR | L24: =C24&","&MONTH(D24)&"/"&DAY(D24)&"/"&YEAR(D24)&","&E24&","&F24&","&G24&","&H24&","&I24 -> 23,4/7/2004,0,24,7,2,0
A25: =D25&G25 -> 380848 | B25: =D25&F25 -> 3808421 | C25: 24 | D25: 38084 | E25: 0 | F25: 21 | G25: 8 | H25: 2 | I25: 0 | J25: =VLOOKUP(F25,$M$2:$N$21,2,0) -> NYD | K25: ="@"&VLOOKUP(G25,$M$2:$N$21,2,0) -> @CTW | L25: =C25&","&MONTH(D25)&"/"&DAY(D25)&"/"&YEAR(D25)&","&E25&","&F25&","&G25&","&H25&","&I25 -> 24,4/7/2004,0,21,8,2,0
A26: =D26&G26 -> 380849 | B26: =D26&F26 -> 3808411 | C26: 25 | D26: 38084 | E26: 0 | F26: 11 | G26: 9 | H26: 2 | I26: 0 | J26: =VLOOKUP(F26,$M$2:$N$21,2,0) -> HAR | K26: ="@"&VLOOKUP(G26,$M$2:$N$21,2,0) -> @CIN | L26: =C26&","&MONTH(D26)&"/"&DAY(D26)&"/"&YEAR(D26)&","&E26&","&F26&","&G26&","&H26&","&I26 -> 25,4/7/2004,0,11,9,2,0
A27: =D27&G27 -> 3808410 | B27: =D27&F27 -> 3808416 | C27: 26 | D27: 38084 | E27: 0 | F27: 16 | G27: 10 | H27: 2 | I27: 0 | J27: =VLOOKUP(F27,$M$2:$N$21,2,0) -> DIG | K27: ="@"&VLOOKUP(G27,$M$2:$N$21,2,0) -> @REN | L27: =C27&","&MONTH(D27)&"/"&DAY(D27)&"/"&YEAR(D27)&","&E27&","&F27&","&G27&","&H27&","&I27 -> 26,4/7/2004,0,16,10,2,0
A28: =D28&G28 -> 3808413 | B28: =D28&F28 -> 3808422 | C28: 27 | D28: 38084 | E28: 0 | F28: 22 | G28: 13 | H28: 2 | I28: 0 | J28: =VLOOKUP(F28,$M$2:$N$21,2,0) -> CBB | K28: ="@"&VLOOKUP(G28,$M$2:$N$21,2,0) -> @BBG | L28: =C28&","&MONTH(D28)&"/"&DAY(D28)&"/"&YEAR(D28)&","&E28&","&F28&","&G28&","&H28&","&I28 -> 27,4/7/2004,0,22,13,2,0
A29: =D29&G29 -> 3808414 | B29: =D29&F29 -> 3808412 | C29: 28 | D29: 38084 | E29: 0 | F29: 12 | G29: 14 | H29: 2 | I29: 0 | J29: =VLOOKUP(F29,$M$2:$N$21,2,0) -> RMO | K29: ="@"&VLOOKUP(G29,$M$2:$N$21,2,0) -> @CEN | L29: =C29&","&MONTH(D29)&"/"&DAY(D29)&"/"&YEAR(D29)&","&E29&","&F29&","&G29&","&H29&","&I29 -> 28,4/7/2004,0,12,14,2,0
A30: =D30&G30 -> 3808417 | B30: =D30&F30 -> 3808423 | C30: 29 | D30: 38084 | E30: 0 | F30: 23 | G30: 17 | H30: 2 | I30: 0 | J30: =VLOOKUP(F30,$M$2:$N$21,2,0) -> BRK | K30: ="@"&VLOOKUP(G30,$M$2:$N$21,2,0) -> @GAR | L30: =C30&","&MONTH(D30)&"/"&DAY(D30)&"/"&YEAR(D30)&","&E30&","&F30&","&G30&","&H30&","&I30 -> 29,4/7/2004,0,23,17,2,0
A31: =D31&G31 -> 3808420 | B31: =D31&F31 -> 380841 | C31: 30 | D31: 38084 | E31: 0 | F31: 1 | G31: 20 | H31: 2 | I31: 0 | J31: =VLOOKUP(F31,$M$2:$N$21,2,0) -> FFR | K31: ="@"&VLOOKUP(G31,$M$2:$N$21,2,0) -> @FDH | L31: =C31&","&MONTH(D31)&"/"&DAY(D31)&"/"&YEAR(D31)&","&E31&","&F31&","&G31&","&H31&","&I31 -> 30,4/7/2004,0,1,20,2,0
A32: =D32&G32 -> 380852 | B32: =D32&F32 -> 380854 | C32: 31 | D32: 38085 | E32: 0 | F32: 4 | G32: 2 | H32: 2 | I32: 0 | J32: =VLOOKUP(F32,$M$2:$N$21,2,0) -> NNN | K32: ="@"&VLOOKUP(G32,$M$2:$N$21,2,0) -> @NEP | L32: =C32&","&MONTH(D32)&"/"&DAY(D32)&"/"&YEAR(D32)&","&E32&","&F32&","&G32&","&H32&","&I32 -> 31,4/8/2004,0,4,2,2,0 | M32: 25
A33: =D33&G33 -> 380853 | B33: =D33&F33 -> 380855 | C33: 32 | D33: 38085 | E33: 0 | F33: 5 | G33: 3 | H33: 2 | I33: 0 | J33: =VLOOKUP(F33,$M$2:$N$21,2,0) -> OKO | K33: ="@"&VLOOKUP(G33,$M$2:$N$21,2,0) -> @TEW | L33: =C33&","&MONTH(D33)&"/"&DAY(D33)&"/"&YEAR(D33)&","&E33&","&F33&","&G33&","&H33&","&I33 -> 32,4/8/2004,0,5,3,2,0
A34: =D34&G34 -> 380857 | B34: =D34&F34 -> 3808524 | C34: 33 | D34: 38085 | E34: 0 | F34: 24 | G34: 7 | H34: 2 | I34: 0 | J34: =VLOOKUP(F34,$M$2:$N$21,2,0) -> PHI | K34: ="@"&VLOOKUP(G34,$M$2:$N$21,2,0) -> @BAR | L34: =C34&","&MONTH(D34)&"/"&DAY(D34)&"/"&YEAR(D34)&","&E34&","&F34&","&G34&","&H34&","&I34 -> 33,4/8/2004,0,24,7,2,0
A35: =D35&G35 -> 380858 | B35: =D35&F35 -> 3808521 | C35: 34 | D35: 38085 | E35: 0 | F35: 21 | G35: 8 | H35: 2 | I35: 0 | J35: =VLOOKUP(F35,$M$2:$N$21,2,0) -> NYD | K35: ="@"&VLOOKUP(G35,$M$2:$N$21,2,0) -> @CTW | L35: =C35&","&MONTH(D35)&"/"&DAY(D35)&"/"&YEAR(D35)&","&E35&","&F35&","&G35&","&H35&","&I35 -> 34,4/8/2004,0,21,8,2,0
A36: =D36&G36 -> 380859 | B36: =D36&F36 -> 3808511 | C36: 35 | D36: 38085 | E36: 0 | F36: 11 | G36: 9 | H36: 2 | I36: 0 | J36: =VLOOKUP(F36,$M$2:$N$21,2,0) -> HAR | K36: ="@"&VLOOKUP(G36,$M$2:$N$21,2,0) -> @CIN | L36: =C36&","&MONTH(D36)&"/"&DAY(D36)&"/"&YEAR(D36)&","&E36&","&F36&","&G36&","&H36&","&I36 -> 35,4/8/2004,0,11,9,2,0
A37: =D37&G37 -> 3808510 | B37: =D37&F37 -> 3808516 | C37: 36 | D37: 38085 | E37: 0 | F37: 16 | G37: 10 | H37: 2 | I37: 0 | J37: =VLOOKUP(F37,$M$2:$N$21,2,0) -> DIG | K37: ="@"&VLOOKUP(G37,$M$2:$N$21,2,0) -> @REN | L37: =C37&","&MONTH(D37)&"/"&DAY(D37)&"/"&YEAR(D37)&","&E37&","&F37&","&G37&","&H37&","&I37 -> 36,4/8/2004,0,16,10,2,0
A38: =D38&G38 -> 3808513 | B38: =D38&F38 -> 3808522 | C38: 37 | D38: 38085 | E38: 0 | F38: 22 | G38: 13 | H38: 2 | I38: 0 | J38: =VLOOKUP(F38,$M$2:$N$21,2,0) -> CBB | K38: ="@"&VLOOKUP(G38,$M$2:$N$21,2,0) -> @BBG | L38: =C38&","&MONTH(D38)&"/"&DAY(D38)&"/"&YEAR(D38)&","&E38&","&F38&","&G38&","&H38&","&I38 -> 37,4/8/2004,0,22,13,2,0
A39: =D39&G39 -> 3808514 | B39: =D39&F39 -> 3808512 | C39: 38 | D39: 38085 | E39: 0 | F39: 12 | G39: 14 | H39: 2 | I39: 0 | J39: =VLOOKUP(F39,$M$2:$N$21,2,0) -> RMO | K39: ="@"&VLOOKUP(G39,$M$2:$N$21,2,0) -> @CEN | L39: =C39&","&MONTH(D39)&"/"&DAY(D39)&"/"&YEAR(D39)&","&E39&","&F39&","&G39&","&H39&","&I39 -> 38,4/8/2004,0,12,14,2,0
A40: =D40&G40 -> 3808517 | B40: =D40&F40 -> 3808523 | C40: 39 | D40: 38085 | E40: 0 | F40: 23 | G40: 17 | H40: 2 | I40: 0 | J40: =VLOOKUP(F40,$M$2:$N$21,2,0) -> BRK | K40: ="@"&VLOOKUP(G40,$M$2:$N$21,2,0) -> @GAR | L40: =C40&","&MONTH(D40)&"/"&DAY(D40)&"/"&YEAR(D40)&","&E40&","&F40&","&G40&","&H40&","&I40 -> 39,4/8/2004,0,23,17,2,0
A41: =D41&G41 -> 3808520 | B41: =D41&F41 -> 380851 | C41: 40 | D41: 38085 | E41: 0 | F41: 1 | G41: 20 | H41: 2 | I41: 0 | J41: =VLOOKUP(F41,$M$2:$N$21,2,0) -> FFR | K41: ="@"&VLOOKUP(G41,$M$2:$N$21,2,0) -> @FDH | L41: =C41&","&MONTH(D41)&"/"&DAY(D41)&"/"&YEAR(D41)&","&E41&","&F41&","&G41&","&H41&","&I41 -> 40,4/8/2004,0,1,20,2,0
A42: =D42&G42 -> 3808622 | B42: =D42&F42 -> 3808624 | C42: 41 | D42: 38086 | E42: 0 | F42: 24 | G42: 22 | H42: 2 | I42: 0 | J42: =VLOOKUP(F42,$M$2:$N$21,2,0) -> PHI | K42: ="@"&VLOOKUP(G42,$M$2:$N$21,2,0) -> @CBB | L42: =C42&","&MONTH(D42)&"/"&DAY(D42)&"/"&YEAR(D42)&","&E42&","&F42&","&G42&","&H42&","&I42 -> 41,4/9/2004,0,24,22,2,0
A43: =D43&G43 -> 380863 | B43: =D43&F43 -> 3808613 | C43: 42 | D43: 38086 | E43: 0 | F43: 13 | G43: 3 | H43: 2 | I43: 0 | J43: =VLOOKUP(F43,$M$2:$N$21,2,0) -> BBG | K43: ="@"&VLOOKUP(G43,$M$2:$N$21,2,0) -> @TEW | L43: =C43&","&MONTH(D43)&"/"&DAY(D43)&"/"&YEAR(D43)&","&E43&","&F43&","&G43&","&H43&","&I43 -> 42,4/9/2004,0,13,3,2,0
A44: =D44&G44 -> 380865 | B44: =D44&F44 -> 3808612 | C44: 43 | D44: 38086 | E44: 0 | F44: 12 | G44: 5 | H44: 2 | I44: 0 | J44: =VLOOKUP(F44,$M$2:$N$21,2,0) -> RMO | K44: ="@"&VLOOKUP(G44,$M$2:$N$21,2,0) -> @OKO | L44: =C44&","&MONTH(D44)&"/"&DAY(D44)&"/"&YEAR(D44)&","&E44&","&F44&","&G44&","&H44&","&I44 -> 43,4/9/2004,0,12,5,2,0
... A439: =D439&G439 -> 381298 | B439: =D439&F439 -> 3812920 | C439: 438 | D439: 38129 | E439: 0 | F439: 20 | G439: 8 | H439: 2 | I439: 0 | J439: =VLOOKUP(F439,$M$2:$N$21,2,0) -> FDH | K439: ="@"&VLOOKUP(G439,$M$2:$N$21,2,0) -> @CTW | L439: =C439&","&MONTH(D439)&"/"&DAY(D439)&"/"&YEAR(D439)&","&E439&","&F439&","&G439&","&H439&","&I439 -> 438,5/22/2004,0,20,8,2,0
A440: =D440&G440 -> 381299 | B440: =D440&F440 -> 3812914 | C440: 439 | D440: 38129 | E440: 0 | F440: 14 | G440: 9 | H440: 2 | I440: 0 | J440: =VLOOKUP(F440,$M$2:$N$21,2,0) -> CEN | K440: ="@"&VLOOKUP(G440,$M$2:$N$21,2,0) -> @CIN | L440: =C440&","&MONTH(D440)&"/"&DAY(D440)&"/"&YEAR(D440)&","&E440&","&F440&","&G440&","&H440&","&I440 -> 439,5/22/2004,0,14,9,2,0 | N440: 1
A441: =D441&G441 -> 3812912 | B441: =D441&F441 -> 3812923 | C441: 440 | D441: 38129 | E441: 0 | F441: 23 | G441: 12 | H441: 2 | I441: 0 | J441: =VLOOKUP(F441,$M$2:$N$21,2,0) -> BRK | K441: ="@"&VLOOKUP(G441,$M$2:$N$21,2,0) -> @RMO | L441: =C441&","&MONTH(D441)&"/"&DAY(D441)&"/"&YEAR(D441)&","&E441&","&F441&","&G441&","&H441&","&I441 -> 440,5/22/2004,0,23,12,2,0
A442: =D442&G442 -> 3812913 | B442: =D442&F442 -> 381292 | C442: 441 | D442: 38129 | E442: 0 | F442: 2 | G442: 13 | H442: 2 | I442: 0 | J442: =VLOOKUP(F442,$M$2:$N$21,2,0) -> NEP | K442: ="@"&VLOOKUP(G442,$M$2:$N$21,2,0) -> @BBG | L442: =C442&","&MONTH(D442)&"/"&DAY(D442)&"/"&YEAR(D442)&","&E442&","&F442&","&G442&","&H442&","&I442 -> 441,5/22/2004,0,2,13,2,0
A443: =D443&G443 -> 3812916 | B443: =D443&F443 -> 3812922 | C443: 442 | D443: 38129 | E443: 0 | F443: 22 | G443: 16 | H443: 2 | I443: 0 | J443: =VLOOKUP(F443,$M$2:$N$21,2,0) -> CBB | K443: ="@"&VLOOKUP(G443,$M$2:$N$21,2,0) -> @DIG | L443: =C443&","&MONTH(D443)&"/"&DAY(D443)&"/"&YEAR(D443)&","&E443&","&F443&","&G443&","&H443&","&I443 -> 442,5/22/2004,0,22,16,2,0
A444: =D444&G444 -> 3812917 | B444: =D444&F444 -> 381293 | C444: 443 | D444: 38129 | E444: 0 | F444: 3 | G444: 17 | H444: 2 | I444: 0 | J444: =VLOOKUP(F444,$M$2:$N$21,2,0) -> TEW | K444: ="@"&VLOOKUP(G444,$M$2:$N$21,2,0) -> @GAR | L444: =C444&","&MONTH(D444)&"/"&DAY(D444)&"/"&YEAR(D444)&","&E444&","&F444&","&G444&","&H444&","&I444 -> 443,5/22/2004,0,3,17,2,0
A445: =D445&G445 -> 381301 | B445: =D445&F445 -> 3813024 | C445: 444 | D445: 38130 | E445: 0 | F445: 24 | G445: 1 | H445: 2 | I445: 0 | J445: =VLOOKUP(F445,$M$2:$N$21,2,0) -> PHI | K445: ="@"&VLOOKUP(G445,$M$2:$N$21,2,0) -> @FFR | L445: =C445&","&MONTH(D445)&"/"&DAY(D445)&"/"&YEAR(D445)&","&E445&","&F445&","&G445&","&H445&","&I445 -> 444,5/23/2004,0,24,1,2,0
A446: =D446&G446 -> 381304 | B446: =D446&F446 -> 3813011 | C446: 445 | D446: 38130 | E446: 0 | F446: 11 | G446: 4 | H446: 2 | I446: 0 | J446: =VLOOKUP(F446,$M$2:$N$21,2,0) -> HAR | K446: ="@"&VLOOKUP(G446,$M$2:$N$21,2,0) -> @NNN | L446: =C446&","&MONTH(D446)&"/"&DAY(D446)&"/"&YEAR(D446)&","&E446&","&F446&","&G446&","&H446&","&I446 -> 445,5/23/2004,0,11,4,2,0
A447: =D447&G447 -> 381305 | B447: =D447&F447 -> 3813021 | C447: 446 | D447: 38130 | E447: 0 | F447: 21 | G447: 5 | H447: 2 | I447: 0 | J447: =VLOOKUP(F447,$M$2:$N$21,2,0) -> NYD | K447: ="@"&VLOOKUP(G447,$M$2:$N$21,2,0) -> @OKO | L447: =C447&","&MONTH(D447)&"/"&DAY(D447)&"/"&YEAR(D447)&","&E447&","&F447&","&G447&","&H447&","&I447 -> 446,5/23/2004,0,21,5,2,0
A448: =D448&G448 -> 381307 | B448: =D448&F448 -> 3813010 | C448: 447 | D448: 38130 | E448: 0 | F448: 10 | G448: 7 | H448: 2 | I448: 0 | J448: =VLOOKUP(F448,$M$2:$N$21,2,0) -> REN | K448: ="@"&VLOOKUP(G448,$M$2:$N$21,2,0) -> @BAR | L448: =C448&","&MONTH(D448)&"/"&DAY(D448)&"/"&YEAR(D448)&","&E448&","&F448&","&G448&","&H448&","&I448 -> 447,5/23/2004,0,10,7,2,0
A449: =D449&G449 -> 381308 | B449: =D449&F449 -> 3813020 | C449: 448 | D449: 38130 | E449: 0 | F449: 20 | G449: 8 | H449: 2 | I449: 0 | J449: =VLOOKUP(F449,$M$2:$N$21,2,0) -> FDH | K449: ="@"&VLOOKUP(G449,$M$2:$N$21,2,0) -> @CTW | L449: =C449&","&MONTH(D449)&"/"&DAY(D449)&"/"&YEAR(D449)&","&E449&","&F449&","&G449&","&H449&","&I449 -> 448,5/23/2004,0,20,8,2,0
A450: =D450&G450 -> 381309 | B450: =D450&F450 -> 3813014 | C450: 449 | D450: 38130 | E450: 0 | F450: 14 | G450: 9 | H450: 2 | I450: 0 | J450: =VLOOKUP(F450,$M$2:$N$21,2,0) -> CEN | K450: ="@"&VLOOKUP(G450,$M$2:$N$21,2,0) -> @CIN | L450: =C450&","&MONTH(D450)&"/"&DAY(D450)&"/"&YEAR(D450)&","&E450&","&F450&","&G450&","&H450&","&I450 -> 449,5/23/2004,0,14,9,2,0
A451: =D451&G451 -> 3813012 | B451: =D451&F451 -> 3813023 | C451: 450 | D451: 38130 | E451: 0 | F451: 23 | G451: 12 | H451: 2 | I451: 0 | J451: =VLOOKUP(F451,$M$2:$N$21,2,0) -> BRK | K451: ="@"&VLOOKUP(G451,$M$2:$N$21,2,0) -> @RMO | L451: =C451&","&MONTH(D451)&"/"&DAY(D451)&"/"&YEAR(D451)&","&E451&","&F451&","&G451&","&H451&","&I451 -> 450,5/23/2004,0,23,12,2,0
A452: =D452&G452 -> 3813013 | B452: =D452&F452 -> 381302 | C452: 451 | D452: 38130 | E452: 0 | F452: 2 | G452: 13 | H452: 2 | I452: 0 | J452: =VLOOKUP(F452,$M$2:$N$21,2,0) -> NEP | K452: ="@"&VLOOKUP(G452,$M$2:$N$21,2,0) -> @BBG | L452: =C452&","&MONTH(D452)&"/"&DAY(D452)&"/"&YEAR(D452)&","&E452&","&F452&","&G452&","&H452&","&I452 -> 451,5/23/2004,0,2,13,2,0
... A1019: =D1019&G1019 -> 3819416 | B1019: =D1019&F1019 -> 3819423 | C1019: 1018 | D1019: 38194 | E1019: 0 | F1019: 23 | G1019: 16 | H1019: 2 | I1019: 0 | J1019: =VLOOKUP(F1019,$M$2:$N$21,2,0) -> BRK | K1019: ="@"&VLOOKUP(G1019,$M$2:$N$21,2,0) -> @DIG | L1019: =C1019&","&MONTH(D1019)&"/"&DAY(D1019)&"/"&YEAR(D1019)&","&E1019&","&F1019&","&G1019&","&H1019&","&I1019 -> 1018,7/26/2004,0,23,16,2,0
A1020: =D1020&G1020 -> 3819417 | B1020: =D1020&F1020 -> 381948 | C1020: 1019 | D1020: 38194 | E1020: 0 | F1020: 8 | G1020: 17 | H1020: 2 | I1020: 0 | J1020: =VLOOKUP(F1020,$M$2:$N$21,2,0) -> CTW | K1020: ="@"&VLOOKUP(G1020,$M$2:$N$21,2,0) -> @GAR | L1020: =C1020&","&MONTH(D1020)&"/"&DAY(D1020)&"/"&YEAR(D1020)&","&E1020&","&F1020&","&G1020&","&H1020&","&I1020 -> 1019,7/26/2004,0,8,17,2,0 | M1020: 20
A1021: =D1021&G1021 -> 3819421 | B1021: =D1021&F1021 -> 3819424 | C1021: 1020 | D1021: 38194 | E1021: 0 | F1021: 24 | G1021: 21 | H1021: 2 | I1021: 0 | J1021: =VLOOKUP(F1021,$M$2:$N$21,2,0) -> PHI | K1021: ="@"&VLOOKUP(G1021,$M$2:$N$21,2,0) -> @NYD | L1021: =C1021&","&MONTH(D1021)&"/"&DAY(D1021)&"/"&YEAR(D1021)&","&E1021&","&F1021&","&G1021&","&H1021&","&I1021 -> 1020,7/26/2004,0,24,21,2,0
A1022: =D1022&G1022 -> 3819422 | B1022: =D1022&F1022 -> 3819411 | C1022: 1021 | D1022: 38194 | E1022: 0 | F1022: 11 | G1022: 22 | H1022: 2 | I1022: 0 | J1022: =VLOOKUP(F1022,$M$2:$N$21,2,0) -> HAR | K1022: ="@"&VLOOKUP(G1022,$M$2:$N$21,2,0) -> @CBB | L1022: =C1022&","&MONTH(D1022)&"/"&DAY(D1022)&"/"&YEAR(D1022)&","&E1022&","&F1022&","&G1022&","&H1022&","&I1022 -> 1021,7/26/2004,0,11,22,2,0
A1023: =D1023&G1023 -> 381959 | B1023: =D1023&F1023 -> 3819520 | C1023: 1022 | D1023: 38195 | E1023: 0 | F1023: 20 | G1023: 9 | H1023: 2 | I1023: 0 | J1023: =VLOOKUP(F1023,$M$2:$N$21,2,0) -> FDH | K1023: ="@"&VLOOKUP(G1023,$M$2:$N$21,2,0) -> @CIN | L1023: =C1023&","&MONTH(D1023)&"/"&DAY(D1023)&"/"&YEAR(D1023)&","&E1023&","&F1023&","&G1023&","&H1023&","&I1023 -> 1022,7/27/2004,0,20,9,2,0
A1024: =D1024&G1024 -> 3819510 | B1024: =D1024&F1024 -> 381952 | C1024: 1023 | D1024: 38195 | E1024: 0 | F1024: 2 | G1024: 10 | H1024: 2 | I1024: 0 | J1024: =VLOOKUP(F1024,$M$2:$N$21,2,0) -> NEP | K1024: ="@"&VLOOKUP(G1024,$M$2:$N$21,2,0) -> @REN | L1024: =C1024&","&MONTH(D1024)&"/"&DAY(D1024)&"/"&YEAR(D1024)&","&E1024&","&F1024&","&G1024&","&H1024&","&I1024 -> 1023,7/27/2004,0,2,10,2,0
A1025: =D1025&G1025 -> 3819516 | B1025: =D1025&F1025 -> 3819523 | C1025: 1024 | D1025: 38195 | E1025: 0 | F1025: 23 | G1025: 16 | H1025: 2 | I1025: 0 | J1025: =VLOOKUP(F1025,$M$2:$N$21,2,0) -> BRK | K1025: ="@"&VLOOKUP(G1025,$M$2:$N$21,2,0) -> @DIG | L1025: =C1025&","&MONTH(D1025)&"/"&DAY(D1025)&"/"&YEAR(D1025)&","&E1025&","&F1025&","&G1025&","&H1025&","&I1025 -> 1024,7/27/2004,0,23,16,2,0
A1026: =D1026&G1026 -> 381955 | B1026: =D1026&F1026 -> 381951 | C1026: 1025 | D1026: 38195 | E1026: 0 | F1026: 1 | G1026: 5 | H1026: 2 | I1026: 0 | J1026: =VLOOKUP(F1026,$M$2:$N$21,2,0) -> FFR | K1026: ="@"&VLOOKUP(G1026,$M$2:$N$21,2,0) -> @OKO | L1026: =C1026&","&MONTH(D1026)&"/"&DAY(D1026)&"/"&YEAR(D1026)&","&E1026&","&F1026&","&G1026&","&H1026&","&I1026 -> 1025,7/27/2004,0,1,5,2,0
A1027: =D1027&G1027 -> 3819522 | B1027: =D1027&F1027 -> 3819511 | C1027: 1026 | D1027: 38195 | E1027: 0 | F1027: 11 | G1027: 22 | H1027: 2 | I1027: 0 | J1027: =VLOOKUP(F1027,$M$2:$N$21,2,0) -> HAR | K1027: ="@"&VLOOKUP(G1027,$M$2:$N$21,2,0) -> @CBB | L1027: =C1027&","&MONTH(D1027)&"/"&DAY(D1027)&"/"&YEAR(D1027)&","&E1027&","&F1027&","&G1027&","&H1027&","&I1027 -> 1026,7/27/2004,0,11,22,2,0
A1028: =D1028&G1028 -> 381954 | B1028: =D1028&F1028 -> 3819512 | C1028: 1027 | D1028: 38195 | E1028: 0 | F1028: 12 | G1028: 4 | H1028: 2 | I1028: 0 | J1028: =VLOOKUP(F1028,$M$2:$N$21,2,0) -> RMO | K1028: ="@"&VLOOKUP(G1028,$M$2:$N$21,2,0) -> @NNN | L1028: =C1028&","&MONTH(D1028)&"/"&DAY(D1028)&"/"&YEAR(D1028)&","&E1028&","&F1028&","&G1028&","&H1028&","&I1028 -> 1027,7/27/2004,0,12,4,2,0
A1029: =D1029&G1029 -> 3819521 | B1029: =D1029&F1029 -> 3819524 | C1029: 1028 | D1029: 38195 | E1029: 0 | F1029: 24 | G1029: 21 | H1029: 2 | I1029: 0 | J1029: =VLOOKUP(F1029,$M$2:$N$21,2,0) -> PHI | K1029: ="@"&VLOOKUP(G1029,$M$2:$N$21,2,0) -> @NYD | L1029: =C1029&","&MONTH(D1029)&"/"&DAY(D1029)&"/"&YEAR(D1029)&","&E1029&","&F1029&","&G1029&","&H1029&","&I1029 -> 1028,7/27/2004,0,24,21,2,0
A1030: =D1030&G1030 -> 381957 | B1030: =D1030&F1030 -> 3819513 | C1030: 1029 | D1030: 38195 | E1030: 0 | F1030: 13 | G1030: 7 | H1030: 2 | I1030: 0 | J1030: =VLOOKUP(F1030,$M$2:$N$21,2,0) -> BBG | K1030: ="@"&VLOOKUP(G1030,$M$2:$N$21,2,0) -> @BAR | L1030: =C1030&","&MONTH(D1030)&"/"&DAY(D1030)&"/"&YEAR(D1030)&","&E1030&","&F1030&","&G1030&","&H1030&","&I1030 -> 1029,7/27/2004,0,13,7,2,0
A1031: =D1031&G1031 -> 3819623 | B1031: =D1031&F1031 -> 3819620 | C1031: 1030 | D1031: 38196 | E1031: 0 | F1031: 20 | G1031: 23 | H1031: 2 | I1031: 0 | J1031: =VLOOKUP(F1031,$M$2:$N$21,2,0) -> FDH | K1031: ="@"&VLOOKUP(G1031,$M$2:$N$21,2,0) -> @BRK | L1031: =C1031&","&MONTH(D1031)&"/"&DAY(D1031)&"/"&YEAR(D1031)&","&E1031&","&F1031&","&G1031&","&H1031&","&I1031 -> 1030,7/28/2004,0,20,23,2,0
A1032: =D1032&G1032 -> 381964 | B1032: =D1032&F1032 -> 3819612 | C1032: 1031 | D1032: 38196 | E1032: 0 | F1032: 12 | G1032: 4 | H1032: 2 | I1032: 0 | J1032: =VLOOKUP(F1032,$M$2:$N$21,2,0) -> RMO | K1032: ="@"&VLOOKUP(G1032,$M$2:$N$21,2,0) -> @NNN | L1032: =C1032&","&MONTH(D1032)&"/"&DAY(D1032)&"/"&YEAR(D1032)&","&E1032&","&F1032&","&G1032&","&H1032&","&I1032 -> 1031,7/28/2004,0,12,4,2,0
... A1279: =D1279&G1279 -> 3822416 | B1279: =D1279&F1279 -> 382247 | C1279: 1278 | D1279: 38224 | E1279: 0 | F1279: 7 | G1279: 16 | H1279: 2 | I1279: 0 | J1279: =VLOOKUP(F1279,$M$2:$N$21,2,0) -> BAR | K1279: ="@"&VLOOKUP(G1279,$M$2:$N$21,2,0) -> @DIG | L1279: =C1279&","&MONTH(D1279)&"/"&DAY(D1279)&"/"&YEAR(D1279)&","&E1279&","&F1279&","&G1279&","&H1279&","&I1279 -> 1278,8/25/2004,0,7,16,2,0
A1280: =D1280&G1280 -> 3822421 | B1280: =D1280&F1280 -> 382243 | C1280: 1279 | D1280: 38224 | E1280: 0 | F1280: 3 | G1280: 21 | H1280: 2 | I1280: 0 | J1280: =VLOOKUP(F1280,$M$2:$N$21,2,0) -> TEW | K1280: ="@"&VLOOKUP(G1280,$M$2:$N$21,2,0) -> @NYD | L1280: =C1280&","&MONTH(D1280)&"/"&DAY(D1280)&"/"&YEAR(D1280)&","&E1280&","&F1280&","&G1280&","&H1280&","&I1280 -> 1279,8/25/2004,0,3,21,2,0 | M1280: 20
A1281: =D1281&G1281 -> 3822422 | B1281: =D1281&F1281 -> 3822410 | C1281: 1280 | D1281: 38224 | E1281: 0 | F1281: 10 | G1281: 22 | H1281: 2 | I1281: 0 | J1281: =VLOOKUP(F1281,$M$2:$N$21,2,0) -> REN | K1281: ="@"&VLOOKUP(G1281,$M$2:$N$21,2,0) -> @CBB | L1281: =C1281&","&MONTH(D1281)&"/"&DAY(D1281)&"/"&YEAR(D1281)&","&E1281&","&F1281&","&G1281&","&H1281&","&I1281 -> 1280,8/25/2004,0,10,22,2,0
A1282: =D1282&G1282 -> 3822423 | B1282: =D1282&F1282 -> 3822414 | C1282: 1281 | D1282: 38224 | E1282: 0 | F1282: 14 | G1282: 23 | H1282: 2 | I1282: 0 | J1282: =VLOOKUP(F1282,$M$2:$N$21,2,0) -> CEN | K1282: ="@"&VLOOKUP(G1282,$M$2:$N$21,2,0) -> @BRK | L1282: =C1282&","&MONTH(D1282)&"/"&DAY(D1282)&"/"&YEAR(D1282)&","&E1282&","&F1282&","&G1282&","&H1282&","&I1282 -> 1281,8/25/2004,0,14,23,2,0
A1283: =D1283&G1283 -> 3822424 | B1283: =D1283&F1283 -> 3822420 | C1283: 1282 | D1283: 38224 | E1283: 0 | F1283: 20 | G1283: 24 | H1283: 2 | I1283: 0 | J1283: =VLOOKUP(F1283,$M$2:$N$21,2,0) -> FDH | K1283: ="@"&VLOOKUP(G1283,$M$2:$N$21,2,0) -> @PHI | L1283: =C1283&","&MONTH(D1283)&"/"&DAY(D1283)&"/"&YEAR(D1283)&","&E1283&","&F1283&","&G1283&","&H1283&","&I1283 -> 1282,8/25/2004,0,20,24,2,0
A1284: =D1284&G1284 -> 382251 | B1284: =D1284&F1284 -> 382258 | C1284: 1283 | D1284: 38225 | E1284: 0 | F1284: 8 | G1284: 1 | H1284: 2 | I1284: 0 | J1284: =VLOOKUP(F1284,$M$2:$N$21,2,0) -> CTW | K1284: ="@"&VLOOKUP(G1284,$M$2:$N$21,2,0) -> @FFR | L1284: =C1284&","&MONTH(D1284)&"/"&DAY(D1284)&"/"&YEAR(D1284)&","&E1284&","&F1284&","&G1284&","&H1284&","&I1284 -> 1283,8/26/2004,0,8,1,2,0
A1285: =D1285&G1285 -> 382254 | B1285: =D1285&F1285 -> 3822513 | C1285: 1284 | D1285: 38225 | E1285: 0 | F1285: 13 | G1285: 4 | H1285: 2 | I1285: 0 | J1285: =VLOOKUP(F1285,$M$2:$N$21,2,0) -> BBG | K1285: ="@"&VLOOKUP(G1285,$M$2:$N$21,2,0) -> @NNN | L1285: =C1285&","&MONTH(D1285)&"/"&DAY(D1285)&"/"&YEAR(D1285)&","&E1285&","&F1285&","&G1285&","&H1285&","&I1285 -> 1284,8/26/2004,0,13,4,2,0
A1286: =D1286&G1286 -> 382255 | B1286: =D1286&F1286 -> 3822517 | C1286: 1285 | D1286: 38225 | E1286: 0 | F1286: 17 | G1286: 5 | H1286: 2 | I1286: 0 | J1286: =VLOOKUP(F1286,$M$2:$N$21,2,0) -> GAR | K1286: ="@"&VLOOKUP(G1286,$M$2:$N$21,2,0) -> @OKO | L1286: =C1286&","&MONTH(D1286)&"/"&DAY(D1286)&"/"&YEAR(D1286)&","&E1286&","&F1286&","&G1286&","&H1286&","&I1286 -> 1285,8/26/2004,0,17,5,2,0
A1287: =D1287&G1287 -> 3822511 | B1287: =D1287&F1287 -> 382252 | C1287: 1286 | D1287: 38225 | E1287: 0 | F1287: 2 | G1287: 11 | H1287: 2 | I1287: 0 | J1287: =VLOOKUP(F1287,$M$2:$N$21,2,0) -> NEP | K1287: ="@"&VLOOKUP(G1287,$M$2:$N$21,2,0) -> @HAR | L1287: =C1287&","&MONTH(D1287)&"/"&DAY(D1287)&"/"&YEAR(D1287)&","&E1287&","&F1287&","&G1287&","&H1287&","&I1287 -> 1286,8/26/2004,0,2,11,2,0
A1288: =D1288&G1288 -> 3822512 | B1288: =D1288&F1288 -> 382259 | C1288: 1287 | D1288: 38225 | E1288: 0 | F1288: 9 | G1288: 12 | H1288: 2 | I1288: 0 | J1288: =VLOOKUP(F1288,$M$2:$N$21,2,0) -> CIN | K1288: ="@"&VLOOKUP(G1288,$M$2:$N$21,2,0) -> @RMO | L1288: =C1288&","&MONTH(D1288)&"/"&DAY(D1288)&"/"&YEAR(D1288)&","&E1288&","&F1288&","&G1288&","&H1288&","&I1288 -> 1287,8/26/2004,0,9,12,2,0
A1289: =D1289&G1289 -> 3822516 | B1289: =D1289&F1289 -> 382257 | C1289: 1288 | D1289: 38225 | E1289: 0 | F1289: 7 | G1289: 16 | H1289: 2 | I1289: 0 | J1289: =VLOOKUP(F1289,$M$2:$N$21,2,0) -> BAR | K1289: ="@"&VLOOKUP(G1289,$M$2:$N$21,2,0) -> @DIG | L1289: =C1289&","&MONTH(D1289)&"/"&DAY(D1289)&"/"&YEAR(D1289)&","&E1289&","&F1289&","&G1289&","&H1289&","&I1289 -> 1288,8/26/2004,0,7,16,2,0
A1290: =D1290&G1290 -> 3822521 | B1290: =D1290&F1290 -> 382253 | C1290: 1289 | D1290: 38225 | E1290: 0 | F1290: 3 | G1290: 21 | H1290: 2 | I1290: 0 | J1290: =VLOOKUP(F1290,$M$2:$N$21,2,0) -> TEW | K1290: ="@"&VLOOKUP(G1290,$M$2:$N$21,2,0) -> @NYD | L1290: =C1290&","&MONTH(D1290)&"/"&DAY(D1290)&"/"&YEAR(D1290)&","&E1290&","&F1290&","&G1290&","&H1290&","&I1290 -> 1289,8/26/2004,0,3,21,2,0
A1291: =D1291&G1291 -> 3822522 | B1291: =D1291&F1291 -> 3822510 | C1291: 1290 | D1291: 38225 | E1291: 0 | F1291: 10 | G1291: 22 | H1291: 2 | I1291: 0 | J1291: =VLOOKUP(F1291,$M$2:$N$21,2,0) -> REN | K1291: ="@"&VLOOKUP(G1291,$M$2:$N$21,2,0) -> @CBB | L1291: =C1291&","&MONTH(D1291)&"/"&DAY(D1291)&"/"&YEAR(D1291)&","&E1291&","&F1291&","&G1291&","&H1291&","&I1291 -> 1290,8/26/2004,0,10,22,2,0
A1292: =D1292&G1292 -> 3822523 | B1292: =D1292&F1292 -> 3822514 | C1292: 1291 | D1292: 38225 | E1292: 0 | F1292: 14 | G1292: 23 | H1292: 2 | I1292: 0 | J1292: =VLOOKUP(F1292,$M$2:$N$21,2,0) -> CEN | K1292: ="@"&VLOOKUP(G1292,$M$2:$N$21,2,0) -> @BRK | L1292: =C1292&","&MONTH(D1292)&"/"&DAY(D1292)&"/"&YEAR(D1292)&","&E1292&","&F1292&","&G1292&","&H1292&","&I1292 -> 1291,8/26/2004,0,14,23,2,0
... A1621: =D1621&G1621 -> 3826120 | B1621: =D1621&F1621 -> 3826122 | C1621: 1620 | D1621: 38261 | E1621: 0 | F1621: 22 | G1621: 20 | H1621: 2 | I1621: 0 | J1621: =VLOOKUP(F1621,$M$2:$N$21,2,0) -> CBB | K1621: ="@"&VLOOKUP(G1621,$M$2:$N$21,2,0) -> @FDH | L1621: =C1621&","&MONTH(D1621)&"/"&DAY(D1621)&"/"&YEAR(D1621)&","&E1621&","&F1621&","&G1621&","&H1621&","&I1621 -> 1620,10/1/2004,0,22,20,2,0

Sheet colorpalette
D1: RGB Color Palette
B2: Bright | F2: Dull
D3: Hex
A4: 1 | B4: 21 | C4: 10 | E4: 0e | F4: 1a | G4: 13
A5: 24 | B5: 79 | C5: 35 | E5: 3f | F5: 60 | G5: 45
A6: 55 | B6: b4 | C6: 3a | E6: 6a | F6: 90 | G6: 5f
A7: e1 | B7: ff | C7: dd | E7: c7 | F7: db | G7: c6
A8: 95 | B8: cd | C8: 43 | E8: 8e | F8: a4 | G8: 6d
D9: Decimal
A10: =HEX2DEC(A4) -> 1 | B10: =HEX2DEC(B4) -> 33 | C10: =HEX2DEC(C4) -> 16 | E10: =HEX2DEC(E4) -> 14 | F10: =HEX2DEC(F4) -> 26 | G10: =HEX2DEC(G4) -> 19
A11: =HEX2DEC(A5) -> 36 | B11: =HEX2DEC(B5) -> 121 | C11: =HEX2DEC(C5) -> 53 | E11: =HEX2DEC(E5) -> 63 | F11: =HEX2DEC(F5) -> 96 | G11: =HEX2DEC(G5) -> 69
A12: =HEX2DEC(A6) -> 85 | B12: =HEX2DEC(B6) -> 180 | C12: =HEX2DEC(C6) -> 58 | E12: =HEX2DEC(E6) -> 106 | F12: =HEX2DEC(F6) -> 144 | G12: =HEX2DEC(G6) -> 95
A13: =HEX2DEC(A7) -> 225 | B13: =HEX2DEC(B7) -> 255 | C13: =HEX2DEC(C7) -> 221 | E13: =HEX2DEC(E7) -> 199 | F13: =HEX2DEC(F7) -> 219 | G13: =HEX2DEC(G7) -> 198
A14: =HEX2DEC(A8) -> 149 | B14: =HEX2DEC(B8) -> 205 | C14: =HEX2DEC(C8) -> 67 | E14: =HEX2DEC(E8) -> 142 | F14: =HEX2DEC(F8) -> 164 | G14: =HEX2DEC(G8) -> 109
