Workbook

Sheet 1999 Draft
C1: Pick | D1: Team | F1: <-- Enter team code to highlight that team's picks!
A2: Pick | B2: Rnd | C2: in Rnd | D2: Prev | E2: Curr | F2: Player Selected | G2: Comment | H2: For pasting into email
A3: 1 | B3: 1 | C3: 1 | E3: OKO | F3: Lance Berkman, lf | H3: =IF(B3<10," ","")&B3&"."&IF(C3<10,"0","")&C3&" "&E3&" "&VLOOKUP(E3,Teams!$A$2:$C$21,2,0)&REPT(" ",Teams!C$1+1-VLOOKUP(E3,Teams!$A$2:$C$21,3,0))&"- "&F3&IF(ISBLANK(D3),""," (from "&D3&")") -> 1.01 OKO Smith - Lance Berkman, lf
A4: 2 | B4: 1 | C4: 2 | E4: BBG | F4: Tim Hudson, rsp | H4: =IF(B4<10," ","")&B4&"."&IF(C4<10,"0","")&C4&" "&E4&" "&VLOOKUP(E4,Teams!$A$2:$C$21,2,0)&REPT(" ",Teams!C$1+1-VLOOKUP(E4,Teams!$A$2:$C$21,3,0))&"- "&F4&IF(ISBLANK(D4),""," (from "&D4&")") -> 1.02 BBG Canter - Tim Hudson, rsp
A5: 3 | B5: 1 | C5: 3 | E5: ZZY | F5: Alfonso Soriano, ss | H5: =IF(B5<10," ","")&B5&"."&IF(C5<10,"0","")&C5&" "&E5&" "&VLOOKUP(E5,Teams!$A$2:$C$21,2,0)&REPT(" ",Teams!C$1+1-VLOOKUP(E5,Teams!$A$2:$C$21,3,0))&"- "&F5&IF(ISBLANK(D5),""," (from "&D5&")") -> 1.03 ZZY Poole - Alfonso Soriano, ss
A6: 4 | B6: 1 | C6: 4 | D6: FFR | E6: RMO | F6: Freddy Garcia, rsp | G6: for 1.09, RMO00-02 | H6: =IF(B6<10," ","")&B6&"."&IF(C6<10,"0","")&C6&" "&E6&" "&VLOOKUP(E6,Teams!$A$2:$C$21,2,0)&REPT(" ",Teams!C$1+1-VLOOKUP(E6,Teams!$A$2:$C$21,3,0))&"- "&F6&IF(ISBLANK(D6),""," (from "&D6&")") -> 1.04 RMO Haverty/Mojo - Freddy Garcia, rsp (from FFR)
A7: 5 | B7: 1 | C7: 5 | E7: GAR | F7: A.J. Burnett, rsp | H7: =IF(B7<10," ","")&B7&"."&IF(C7<10,"0","")&C7&" "&E7&" "&VLOOKUP(E7,Teams!$A$2:$C$21,2,0)&REPT(" ",Teams!C$1+1-VLOOKUP(E7,Teams!$A$2:$C$21,3,0))&"- "&F7&IF(ISBLANK(D7),""," (from "&D7&")") -> 1.05 GAR Bernstein - A.J. Burnett, rsp
A8: 6 | B8: 1 | C8: 6 | E8: FDH | F8: Joe Mays, rmr | H8: =IF(B8<10," ","")&B8&"."&IF(C8<10,"0","")&C8&" "&E8&" "&VLOOKUP(E8,Teams!$A$2:$C$21,2,0)&REPT(" ",Teams!C$1+1-VLOOKUP(E8,Teams!$A$2:$C$21,3,0))&"- "&F8&IF(ISBLANK(D8),""," (from "&D8&")") -> 1.06 FDH English - Joe Mays, rmr
A9: 7 | B9: 1 | C9: 7 | E9: FHK | F9: Joe Nathan, rsp | H9: =IF(B9<10," ","")&B9&"."&IF(C9<10,"0","")&C9&" "&E9&" "&VLOOKUP(E9,Teams!$A$2:$C$21,2,0)&REPT(" ",Teams!C$1+1-VLOOKUP(E9,Teams!$A$2:$C$21,3,0))&"- "&F9&IF(ISBLANK(D9),""," (from "&D9&")") -> 1.07 FHK Chernow - Joe Nathan, rsp
A10: 8 | B10: 1 | C10: 8 | E10: FER | F10: Steve Finley, cf | H10: =IF(B10<10," ","")&B10&"."&IF(C10<10,"0","")&C10&" "&E10&" "&VLOOKUP(E10,Teams!$A$2:$C$21,2,0)&REPT(" ",Teams!C$1+1-VLOOKUP(E10,Teams!$A$2:$C$21,3,0))&"- "&F10&IF(ISBLANK(D10),""," (from "&D10&")") -> 1.08 FER Olkin - Steve Finley, cf
A11: 9 | B11: 1 | C11: 9 | D11: MCL,RMO | E11: FFR | F11: Ted Lilly, lsp | G11: from MCL for Mike Mussina, Mike Redmond, RMO99-11, from RMO for 1.04 FFR00-03 | H11: =IF(B11<10," ","")&B11&"."&IF(C11<10,"0","")&C11&" "&E11&" "&VLOOKUP(E11,Teams!$A$2:$C$21,2,0)&REPT(" ",Teams!C$1+1-VLOOKUP(E11,Teams!$A$2:$C$21,3,0))&"- "&F11&IF(ISBLANK(D11),""," (from "&D11&")") -> 1.09 FFR Scott - Ted Lilly, lsp (from MCL,RMO)
A12: 10 | B12: 1 | C12: 10 | D12: RMO | E12: FLL | F12: Carlos Lee, lf | H12: =IF(B12<10," ","")&B12&"."&IF(C12<10,"0","")&C12&" "&E12&" "&VLOOKUP(E12,Teams!$A$2:$C$21,2,0)&REPT(" ",Teams!C$1+1-VLOOKUP(E12,Teams!$A$2:$C$21,3,0))&"- "&F12&IF(ISBLANK(D12),""," (from "&D12&")") -> 1.10 FLL Carroll/Kleine - Carlos Lee, lf (from RMO)
A13: 11 | B13: 1 | C13: 11 | E13: CIN | F13: Vernon Wells, cf | H13: =IF(B13<10," ","")&B13&"."&IF(C13<10,"0","")&C13&" "&E13&" "&VLOOKUP(E13,Teams!$A$2:$C$21,2,0)&REPT(" ",Teams!C$1+1-VLOOKUP(E13,Teams!$A$2:$C$21,3,0))&"- "&F13&IF(ISBLANK(D13),""," (from "&D13&")") -> 1.11 CIN CMiller - Vernon Wells, cf
A14: 12 | B14: 1 | C14: 12 | D14: CTW | E14: FFR | F14: Randy Wolf, lsp | H14: =IF(B14<10," ","")&B14&"."&IF(C14<10,"0","")&C14&" "&E14&" "&VLOOKUP(E14,Teams!$A$2:$C$21,2,0)&REPT(" ",Teams!C$1+1-VLOOKUP(E14,Teams!$A$2:$C$21,3,0))&"- "&F14&IF(ISBLANK(D14),""," (from "&D14&")") -> 1.12 FFR Scott - Randy Wolf, lsp (from CTW)
A15: 13 | B15: 1 | C15: 13 | E15: FLL | F15: Francisco Cordero, rmr | H15: =IF(B15<10," ","")&B15&"."&IF(C15<10,"0","")&C15&" "&E15&" "&VLOOKUP(E15,Teams!$A$2:$C$21,2,0)&REPT(" ",Teams!C$1+1-VLOOKUP(E15,Teams!$A$2:$C$21,3,0))&"- "&F15&IF(ISBLANK(D15),""," (from "&D15&")") -> 1.13 FLL Carroll/Kleine - Francisco Cordero, rmr
A16: 14 | B16: 1 | C16: 14 | D16: BAR | E16: CIN | F16: Eric Gagne, rsp | H16: =IF(B16<10," ","")&B16&"."&IF(C16<10,"0","")&C16&" "&E16&" "&VLOOKUP(E16,Teams!$A$2:$C$21,2,0)&REPT(" ",Teams!C$1+1-VLOOKUP(E16,Teams!$A$2:$C$21,3,0))&"- "&F16&IF(ISBLANK(D16),""," (from "&D16&")") -> 1.14 CIN CMiller - Eric Gagne, rsp (from BAR)
A17: 15 | B17: 1 | C17: 15 | D17: CEN,CIN | E17: OKO | F17: Melvin Mora, 3b | H17: =IF(B17<10," ","")&B17&"."&IF(C17<10,"0","")&C17&" "&E17&" "&VLOOKUP(E17,Teams!$A$2:$C$21,2,0)&REPT(" ",Teams!C$1+1-VLOOKUP(E17,Teams!$A$2:$C$21,3,0))&"- "&F17&IF(ISBLANK(D17),""," (from "&D17&")") -> 1.15 OKO Smith - Melvin Mora, 3b (from CEN,CIN)
A18: 16 | B18: 1 | C18: 16 | E18: TAR | F18: Ramon Hernandez, c | H18: =IF(B18<10," ","")&B18&"."&IF(C18<10,"0","")&C18&" "&E18&" "&VLOOKUP(E18,Teams!$A$2:$C$21,2,0)&REPT(" ",Teams!C$1+1-VLOOKUP(E18,Teams!$A$2:$C$21,3,0))&"- "&F18&IF(ISBLANK(D18),""," (from "&D18&")") -> 1.16 TAR Lingo - Ramon Hernandez, c
A19: 17 | B19: 1 | C19: 17 | D19: EVN,FFR | E19: OKO | F19: Byung-Hyun Kim, rmr | G19: with FFR00-02 for 2.04, 2.05, 9.07 | H19: =IF(B19<10," ","")&B19&"."&IF(C19<10,"0","")&C19&" "&E19&" "&VLOOKUP(E19,Teams!$A$2:$C$21,2,0)&REPT(" ",Teams!C$1+1-VLOOKUP(E19,Teams!$A$2:$C$21,3,0))&"- "&F19&IF(ISBLANK(D19),""," (from "&D19&")") -> 1.17 OKO Smith - Byung-Hyun Kim, rmr (from EVN,FFR)
A20: 18 | B20: 1 | C20: 18 | D20: TEW | E20: RMO | F20: Billy Koch, rmr | G20: from TEW for RMO00-01 | H20: =IF(B20<10," ","")&B20&"."&IF(C20<10,"0","")&C20&" "&E20&" "&VLOOKUP(E20,Teams!$A$2:$C$21,2,0)&REPT(" ",Teams!C$1+1-VLOOKUP(E20,Teams!$A$2:$C$21,3,0))&"- "&F20&IF(ISBLANK(D20),""," (from "&D20&")") -> 1.18 RMO Haverty/Mojo - Billy Koch, rmr (from TEW)
A21: 19 | B21: 1 | C21: 19 | D21: DLM,FFR | E21: CTW | F21: Esteban Loaiza, rsp | G21: from FFR for FFR2.01 and CTW00-04 | H21: =IF(B21<10," ","")&B21&"."&IF(C21<10,"0","")&C21&" "&E21&" "&VLOOKUP(E21,Teams!$A$2:$C$21,2,0)&REPT(" ",Teams!C$1+1-VLOOKUP(E21,Teams!$A$2:$C$21,3,0))&"- "&F21&IF(ISBLANK(D21),""," (from "&D21&")") -> 1.19 CTW RMiller - Esteban Loaiza, rsp (from DLM,FFR)
A22: 20 | B22: 1 | C22: 20 | D22: NEP | E22: RMO | F22: Scott Williamson, rcl | G22: from NEP for RMO 3.09, FFR 00-3, RMO 00-5 | H22: =IF(B22<10," ","")&B22&"."&IF(C22<10,"0","")&C22&" "&E22&" "&VLOOKUP(E22,Teams!$A$2:$C$21,2,0)&REPT(" ",Teams!C$1+1-VLOOKUP(E22,Teams!$A$2:$C$21,3,0))&"- "&F22&IF(ISBLANK(D22),""," (from "&D22&")") -> 1.20 RMO Haverty/Mojo - Scott Williamson, rcl (from NEP)
A23: 21 | B23: 2 | C23: 1 | D23: FFR,CTW | E23: FFR | F23: Octavio Dotel, rsp | G23: from CTW w/CTW00-04 for DLM1.19 | H23: =IF(B23<10," ","")&B23&"."&IF(C23<10,"0","")&C23&" "&E23&" "&VLOOKUP(E23,Teams!$A$2:$C$21,2,0)&REPT(" ",Teams!C$1+1-VLOOKUP(E23,Teams!$A$2:$C$21,3,0))&"- "&F23&IF(ISBLANK(D23),""," (from "&D23&")") -> 2.01 FFR Scott - Octavio Dotel, rsp (from FFR,CTW)
A24: 22 | B24: 2 | C24: 2 | E24: GAR | F24: Wade Miller, rmr | H24: =IF(B24<10," ","")&B24&"."&IF(C24<10,"0","")&C24&" "&E24&" "&VLOOKUP(E24,Teams!$A$2:$C$21,2,0)&REPT(" ",Teams!C$1+1-VLOOKUP(E24,Teams!$A$2:$C$21,3,0))&"- "&F24&IF(ISBLANK(D24),""," (from "&D24&")") -> 2.02 GAR Bernstein - Wade Miller, rmr
A25: 23 | B25: 2 | C25: 3 | D25: BBG | E25: CIN | F25: B.J. Ryan, lmr | G25: from BBG w/BBG00-05 for Ray Lankford | H25: =IF(B25<10," ","")&B25&"."&IF(C25<10,"0","")&C25&" "&E25&" "&VLOOKUP(E25,Teams!$A$2:$C$21,2,0)&REPT(" ",Teams!C$1+1-VLOOKUP(E25,Teams!$A$2:$C$21,3,0))&"- "&F25&IF(ISBLANK(D25),""," (from "&D25&")") -> 2.03 CIN CMiller - B.J. Ryan, lmr (from BBG)
A26: 24 | B26: 2 | C26: 4 | D26: FDH,OKO | E26: FFR | F26: Adam Kennedy, 2b | G26: w/2.05,9.07 for 1.17, FFR00-02 | H26: =IF(B26<10," ","")&B26&"."&IF(C26<10,"0","")&C26&" "&E26&" "&VLOOKUP(E26,Teams!$A$2:$C$21,2,0)&REPT(" ",Teams!C$1+1-VLOOKUP(E26,Teams!$A$2:$C$21,3,0))&"- "&F26&IF(ISBLANK(D26),""," (from "&D26&")") -> 2.04 FFR Scott - Adam Kennedy, 2b (from FDH,OKO)
A27: 25 | B27: 2 | C27: 5 | D27: OKO | E27: FFR | F27: Kyle Farnsworth, rsp | G27: w/2.04,9.07 for 1.17, FFR00-02 | H27: =IF(B27<10," ","")&B27&"."&IF(C27<10,"0","")&C27&" "&E27&" "&VLOOKUP(E27,Teams!$A$2:$C$21,2,0)&REPT(" ",Teams!C$1+1-VLOOKUP(E27,Teams!$A$2:$C$21,3,0))&"- "&F27&IF(ISBLANK(D27),""," (from "&D27&")") -> 2.05 FFR Scott - Kyle Farnsworth, rsp (from OKO)
A28: 26 | B28: 2 | C28: 6 | E28: FER | F28: Kris Benson, rsp | H28: =IF(B28<10," ","")&B28&"."&IF(C28<10,"0","")&C28&" "&E28&" "&VLOOKUP(E28,Teams!$A$2:$C$21,2,0)&REPT(" ",Teams!C$1+1-VLOOKUP(E28,Teams!$A$2:$C$21,3,0))&"- "&F28&IF(ISBLANK(D28),""," (from "&D28&")") -> 2.06 FER Olkin - Kris Benson, rsp
A29: 27 | B29: 2 | C29: 7 | E29: FHK | F29: Brian Anderson, lsp | H29: =IF(B29<10," ","")&B29&"."&IF(C29<10,"0","")&C29&" "&E29&" "&VLOOKUP(E29,Teams!$A$2:$C$21,2,0)&REPT(" ",Teams!C$1+1-VLOOKUP(E29,Teams!$A$2:$C$21,3,0))&"- "&F29&IF(ISBLANK(D29),""," (from "&D29&")") -> 2.07 FHK Chernow - Brian Anderson, lsp
A30: 28 | B30: 2 | C30: 8 | E30: MCL | F30: Jeff Zimmerman, rmr | H30: =IF(B30<10," ","")&B30&"."&IF(C30<10,"0","")&C30&" "&E30&" "&VLOOKUP(E30,Teams!$A$2:$C$21,2,0)&REPT(" ",Teams!C$1+1-VLOOKUP(E30,Teams!$A$2:$C$21,3,0))&"- "&F30&IF(ISBLANK(D30),""," (from "&D30&")") -> 2.08 MCL Manuel - Jeff Zimmerman, rmr
A31: 29 | B31: 2 | C31: 9 | D31: RMO | E31: EVN | F31: Kent Bottenfield, rsp | H31: =IF(B31<10," ","")&B31&"."&IF(C31<10,"0","")&C31&" "&E31&" "&VLOOKUP(E31,Teams!$A$2:$C$21,2,0)&REPT(" ",Teams!C$1+1-VLOOKUP(E31,Teams!$A$2:$C$21,3,0))&"- "&F31&IF(ISBLANK(D31),""," (from "&D31&")") -> 2.09 EVN Henninger - Kent Bottenfield, rsp (from RMO)
A32: 30 | B32: 2 | C32: 10 | E32: ZZY | F32: John Flaherty, c | H32: =IF(B32<10," ","")&B32&"."&IF(C32<10,"0","")&C32&" "&E32&" "&VLOOKUP(E32,Teams!$A$2:$C$21,2,0)&REPT(" ",Teams!C$1+1-VLOOKUP(E32,Teams!$A$2:$C$21,3,0))&"- "&F32&IF(ISBLANK(D32),""," (from "&D32&")") -> 2.10 ZZY Poole - John Flaherty, c
A33: 31 | B33: 2 | C33: 11 | D33: CIN | E33: BAR | F33: Rick Ankiel, lsp | H33: =IF(B33<10," ","")&B33&"."&IF(C33<10,"0","")&C33&" "&E33&" "&VLOOKUP(E33,Teams!$A$2:$C$21,2,0)&REPT(" ",Teams!C$1+1-VLOOKUP(E33,Teams!$A$2:$C$21,3,0))&"- "&F33&IF(ISBLANK(D33),""," (from "&D33&")") -> 2.11 BAR Marshall - Rick Ankiel, lsp (from CIN)
A34: 32 | B34: 2 | C34: 12 | E34: CTW | F34: Jason LaRue, c | H34: =IF(B34<10," ","")&B34&"."&IF(C34<10,"0","")&C34&" "&E34&" "&VLOOKUP(E34,Teams!$A$2:$C$21,2,0)&REPT(" ",Teams!C$1+1-VLOOKUP(E34,Teams!$A$2:$C$21,3,0))&"- "&F34&IF(ISBLANK(D34),""," (from "&D34&")") -> 2.12 CTW RMiller - Jason LaRue, c
A35: 33 | B35: 2 | C35: 13 | E35: FLL | F35: Ray King, lmr | H35: =IF(B35<10," ","")&B35&"."&IF(C35<10,"0","")&C35&" "&E35&" "&VLOOKUP(E35,Teams!$A$2:$C$21,2,0)&REPT(" ",Teams!C$1+1-VLOOKUP(E35,Teams!$A$2:$C$21,3,0))&"- "&F35&IF(ISBLANK(D35),""," (from "&D35&")") -> 2.13 FLL Carroll/Kleine - Ray King, lmr
A36: 34 | B36: 2 | C36: 14 | E36: BAR | F36: Jacque Jones, cf | H36: =IF(B36<10," ","")&B36&"."&IF(C36<10,"0","")&C36&" "&E36&" "&VLOOKUP(E36,Teams!$A$2:$C$21,2,0)&REPT(" ",Teams!C$1+1-VLOOKUP(E36,Teams!$A$2:$C$21,3,0))&"- "&F36&IF(ISBLANK(D36),""," (from "&D36&")") -> 2.14 BAR Marshall - Jacque Jones, cf
A37: 35 | B37: 2 | C37: 15 | E37: TAR | F37: Todd Zeile, 3b | H37: =IF(B37<10," ","")&B37&"."&IF(C37<10,"0","")&C37&" "&E37&" "&VLOOKUP(E37,Teams!$A$2:$C$21,2,0)&REPT(" ",Teams!C$1+1-VLOOKUP(E37,Teams!$A$2:$C$21,3,0))&"- "&F37&IF(ISBLANK(D37),""," (from "&D37&")") -> 2.15 TAR Lingo - Todd Zeile, 3b
A38: 36 | B38: 2 | C38: 16 | D38: CEN | E38: FLL | F38: Damaso Marte, lmr | H38: =IF(B38<10," ","")&B38&"."&IF(C38<10,"0","")&C38&" "&E38&" "&VLOOKUP(E38,Teams!$A$2:$C$21,2,0)&REPT(" ",Teams!C$1+1-VLOOKUP(E38,Teams!$A$2:$C$21,3,0))&"- "&F38&IF(ISBLANK(D38),""," (from "&D38&")") -> 2.16 FLL Carroll/Kleine - Damaso Marte, lmr (from CEN)
A39: 37 | B39: 2 | C39: 17 | E39: EVN | F39: Royce Clayton, ss | H39: =IF(B39<10," ","")&B39&"."&IF(C39<10,"0","")&C39&" "&E39&" "&VLOOKUP(E39,Teams!$A$2:$C$21,2,0)&REPT(" ",Teams!C$1+1-VLOOKUP(E39,Teams!$A$2:$C$21,3,0))&"- "&F39&IF(ISBLANK(D39),""," (from "&D39&")") -> 2.17 EVN Henninger - Royce Clayton, ss
A40: 38 | B40: 2 | C40: 18 | E40: TEW | F40: Joe Randa, 3b | H40: =IF(B40<10," ","")&B40&"."&IF(C40<10,"0","")&C40&" "&E40&" "&VLOOKUP(E40,Teams!$A$2:$C$21,2,0)&REPT(" ",Teams!C$1+1-VLOOKUP(E40,Teams!$A$2:$C$21,3,0))&"- "&F40&IF(ISBLANK(D40),""," (from "&D40&")") -> 2.18 TEW Bailey - Joe Randa, 3b
A41: 39 | B41: 2 | C41: 19 | D41: DLM | E41: CTW | F41: Erubiel Durazo, 1b | H41: =IF(B41<10," ","")&B41&"."&IF(C41<10,"0","")&C41&" "&E41&" "&VLOOKUP(E41,Teams!$A$2:$C$21,2,0)&REPT(" ",Teams!C$1+1-VLOOKUP(E41,Teams!$A$2:$C$21,3,0))&"- "&F41&IF(ISBLANK(D41),""," (from "&D41&")") -> 2.19 CTW RMiller - Erubiel Durazo, 1b (from DLM)
A42: 40 | B42: 2 | C42: 20 | E42: NEP | F42: Jeff Conine, 1b | H42: =IF(B42<10," ","")&B42&"."&IF(C42<10,"0","")&C42&" "&E42&" "&VLOOKUP(E42,Teams!$A$2:$C$21,2,0)&REPT(" ",Teams!C$1+1-VLOOKUP(E42,Teams!$A$2:$C$21,3,0))&"- "&F42&IF(ISBLANK(D42),""," (from "&D42&")") -> 2.20 NEP Sasman - Jeff Conine, 1b
A43: 41 | B43: 3 | C43: 1 | D43: FFR | E43: BBG | F43: Chris Widger, c | H43: =IF(B43<10," ","")&B43&"."&IF(C43<10,"0","")&C43&" "&E43&" "&VLOOKUP(E43,Teams!$A$2:$C$21,2,0)&REPT(" ",Teams!C$1+1-VLOOKUP(E43,Teams!$A$2:$C$21,3,0))&"- "&F43&IF(ISBLANK(D43),""," (from "&D43&")") -> 3.01 BBG Canter - Chris Widger, c (from FFR)
A44: 42 | B44: 3 | C44: 2 | E44: GAR | F44: Eric Karros, 1b | H44: =IF(B44<10," ","")&B44&"."&IF(C44<10,"0","")&C44&" "&E44&" "&VLOOKUP(E44,Teams!$A$2:$C$21,2,0)&REPT(" ",Teams!C$1+1-VLOOKUP(E44,Teams!$A$2:$C$21,3,0))&"- "&F44&IF(ISBLANK(D44),""," (from "&D44&")") -> 3.02 GAR Bernstein - Eric Karros, 1b
A45: 43 | B45: 3 | C45: 3 | D45: BBG | E45: NEP | F45: Mark Quinn, lf | H45: =IF(B45<10," ","")&B45&"."&IF(C45<10,"0","")&C45&" "&E45&" "&VLOOKUP(E45,Teams!$A$2:$C$21,2,0)&REPT(" ",Teams!C$1+1-VLOOKUP(E45,Teams!$A$2:$C$21,3,0))&"- "&F45&IF(ISBLANK(D45),""," (from "&D45&")") -> 3.03 NEP Sasman - Mark Quinn, lf (from BBG)
A46: 44 | B46: 3 | C46: 4 | D46: FDH | E46: FFR | F46: J.C. Romero, lmr | G46: from FDH w/ DLM 4.19 and FDH 5.04 for Kyle Farnsworth | H46: =IF(B46<10," ","")&B46&"."&IF(C46<10,"0","")&C46&" "&E46&" "&VLOOKUP(E46,Teams!$A$2:$C$21,2,0)&REPT(" ",Teams!C$1+1-VLOOKUP(E46,Teams!$A$2:$C$21,3,0))&"- "&F46&IF(ISBLANK(D46),""," (from "&D46&")") -> 3.04 FFR Scott - J.C. Romero, lmr (from FDH)
A47: 45 | B47: 3 | C47: 5 | E47: FHK | F47: Vicente Padilla, rmr | H47: =IF(B47<10," ","")&B47&"."&IF(C47<10,"0","")&C47&" "&E47&" "&VLOOKUP(E47,Teams!$A$2:$C$21,2,0)&REPT(" ",Teams!C$1+1-VLOOKUP(E47,Teams!$A$2:$C$21,3,0))&"- "&F47&IF(ISBLANK(D47),""," (from "&D47&")") -> 3.05 FHK Chernow - Vicente Padilla, rmr
A48: 46 | B48: 3 | C48: 6 | E48: FER | F48: Gil Meche, rsp | H48: =IF(B48<10," ","")&B48&"."&IF(C48<10,"0","")&C48&" "&E48&" "&VLOOKUP(E48,Teams!$A$2:$C$21,2,0)&REPT(" ",Teams!C$1+1-VLOOKUP(E48,Teams!$A$2:$C$21,3,0))&"- "&F48&IF(ISBLANK(D48),""," (from "&D48&")") -> 3.06 FER Olkin - Gil Meche, rsp
A49: 47 | B49: 3 | C49: 7 | E49: OKO | F49: Matt Herges, rmr | H49: =IF(B49<10," ","")&B49&"."&IF(C49<10,"0","")&C49&" "&E49&" "&VLOOKUP(E49,Teams!$A$2:$C$21,2,0)&REPT(" ",Teams!C$1+1-VLOOKUP(E49,Teams!$A$2:$C$21,3,0))&"- "&F49&IF(ISBLANK(D49),""," (from "&D49&")") -> 3.07 OKO Smith - Matt Herges, rmr
A50: 48 | B50: 3 | C50: 8 | E50: MCL | F50: Chris Singleton, cf | H50: =IF(B50<10," ","")&B50&"."&IF(C50<10,"0","")&C50&" "&E50&" "&VLOOKUP(E50,Teams!$A$2:$C$21,2,0)&REPT(" ",Teams!C$1+1-VLOOKUP(E50,Teams!$A$2:$C$21,3,0))&"- "&F50&IF(ISBLANK(D50),""," (from "&D50&")") -> 3.08 MCL Manuel - Chris Singleton, cf
A51: 49 | B51: 3 | C51: 9 | D51: RMO | E51: NEP | F51: Tony Armas Jr., rsp | G51: for NEP 1.20 | H51: =IF(B51<10," ","")&B51&"."&IF(C51<10,"0","")&C51&" "&E51&" "&VLOOKUP(E51,Teams!$A$2:$C$21,2,0)&REPT(" ",Teams!C$1+1-VLOOKUP(E51,Teams!$A$2:$C$21,3,0))&"- "&F51&IF(ISBLANK(D51),""," (from "&D51&")") -> 3.09 NEP Sasman - Tony Armas Jr., rsp (from RMO)
A52: 50 | B52: 3 | C52: 10 | E52: ZZY | F52: Doug Davis, lmr | H52: =IF(B52<10," ","")&B52&"."&IF(C52<10,"0","")&C52&" "&E52&" "&VLOOKUP(E52,Teams!$A$2:$C$21,2,0)&REPT(" ",Teams!C$1+1-VLOOKUP(E52,Teams!$A$2:$C$21,3,0))&"- "&F52&IF(ISBLANK(D52),""," (from "&D52&")") -> 3.10 ZZY Poole - Doug Davis, lmr
A53: 51 | B53: 3 | C53: 11 | E53: CIN | F53: Jeff Weaver, rsp | H53: =IF(B53<10," ","")&B53&"."&IF(C53<10,"0","")&C53&" "&E53&" "&VLOOKUP(E53,Teams!$A$2:$C$21,2,0)&REPT(" ",Teams!C$1+1-VLOOKUP(E53,Teams!$A$2:$C$21,3,0))&"- "&F53&IF(ISBLANK(D53),""," (from "&D53&")") -> 3.11 CIN CMiller - Jeff Weaver, rsp
A54: 52 | B54: 3 | C54: 12 | D54: CTW | E54: BAR | F54: Terry Adams, rmr | H54: =IF(B54<10," ","")&B54&"."&IF(C54<10,"0","")&C54&" "&E54&" "&VLOOKUP(E54,Teams!$A$2:$C$21,2,0)&REPT(" ",Teams!C$1+1-VLOOKUP(E54,Teams!$A$2:$C$21,3,0))&"- "&F54&IF(ISBLANK(D54),""," (from "&D54&")") -> 3.12 BAR Marshall - Terry Adams, rmr (from CTW)
A55: 53 | B55: 3 | C55: 13 | E55: FLL | F55: Ryan Franklin, rmr | H55: =IF(B55<10," ","")&B55&"."&IF(C55<10,"0","")&C55&" "&E55&" "&VLOOKUP(E55,Teams!$A$2:$C$21,2,0)&REPT(" ",Teams!C$1+1-VLOOKUP(E55,Teams!$A$2:$C$21,3,0))&"- "&F55&IF(ISBLANK(D55),""," (from "&D55&")") -> 3.13 FLL Carroll/Kleine - Ryan Franklin, rmr
A56: 54 | B56: 3 | C56: 14 | D56: BAR | E56: FFR | F56: Tomo Ohka, rmr | G56: from BAR w/14.09 for pick 5.01, 5.04 and Bobby Ayala | H56: =IF(B56<10," ","")&B56&"."&IF(C56<10,"0","")&C56&" "&E56&" "&VLOOKUP(E56,Teams!$A$2:$C$21,2,0)&REPT(" ",Teams!C$1+1-VLOOKUP(E56,Teams!$A$2:$C$21,3,0))&"- "&F56&IF(ISBLANK(D56),""," (from "&D56&")") -> 3.14 FFR Scott - Tomo Ohka, rmr (from BAR)
A57: 55 | B57: 3 | C57: 15 | D57: CEN | E57: FER | F57: Wilson Alvarez, lsp | H57: =IF(B57<10," ","")&B57&"."&IF(C57<10,"0","")&C57&" "&E57&" "&VLOOKUP(E57,Teams!$A$2:$C$21,2,0)&REPT(" ",Teams!C$1+1-VLOOKUP(E57,Teams!$A$2:$C$21,3,0))&"- "&F57&IF(ISBLANK(D57),""," (from "&D57&")") -> 3.15 FER Olkin - Wilson Alvarez, lsp (from CEN)
A58: 56 | B58: 3 | C58: 16 | D58: TAR | E58: OKO | F58: Ron Gant, lf | G58: for Kevin Young | H58: =IF(B58<10," ","")&B58&"."&IF(C58<10,"0","")&C58&" "&E58&" "&VLOOKUP(E58,Teams!$A$2:$C$21,2,0)&REPT(" ",Teams!C$1+1-VLOOKUP(E58,Teams!$A$2:$C$21,3,0))&"- "&F58&IF(ISBLANK(D58),""," (from "&D58&")") -> 3.16 OKO Smith - Ron Gant, lf (from TAR)
A59: 57 | B59: 3 | C59: 17 | E59: EVN | F59: Doug Glanville, cf | H59: =IF(B59<10," ","")&B59&"."&IF(C59<10,"0","")&C59&" "&E59&" "&VLOOKUP(E59,Teams!$A$2:$C$21,2,0)&REPT(" ",Teams!C$1+1-VLOOKUP(E59,Teams!$A$2:$C$21,3,0))&"- "&F59&IF(ISBLANK(D59),""," (from "&D59&")") -> 3.17 EVN Henninger - Doug Glanville, cf
A60: 58 | B60: 3 | C60: 18 | D60: TEW | E60: FER | F60: Ryan Rupe, rsp | H60: =IF(B60<10," ","")&B60&"."&IF(C60<10,"0","")&C60&" "&E60&" "&VLOOKUP(E60,Teams!$A$2:$C$21,2,0)&REPT(" ",Teams!C$1+1-VLOOKUP(E60,Teams!$A$2:$C$21,3,0))&"- "&F60&IF(ISBLANK(D60),""," (from "&D60&")") -> 3.18 FER Olkin - Ryan Rupe, rsp (from TEW)
A61: 59 | B61: 3 | C61: 19 | D61: DLM | E61: GAR | F61: Jamey Wright, rsp | H61: =IF(B61<10," ","")&B61&"."&IF(C61<10,"0","")&C61&" "&E61&" "&VLOOKUP(E61,Teams!$A$2:$C$21,2,0)&REPT(" ",Teams!C$1+1-VLOOKUP(E61,Teams!$A$2:$C$21,3,0))&"- "&F61&IF(ISBLANK(D61),""," (from "&D61&")") -> 3.19 GAR Bernstein - Jamey Wright, rsp (from DLM)
A62: 60 | B62: 3 | C62: 20 | E62: NEP | F62: Luis Alicea, 2b | H62: =IF(B62<10," ","")&B62&"."&IF(C62<10,"0","")&C62&" "&E62&" "&VLOOKUP(E62,Teams!$A$2:$C$21,2,0)&REPT(" ",Teams!C$1+1-VLOOKUP(E62,Teams!$A$2:$C$21,3,0))&"- "&F62&IF(ISBLANK(D62),""," (from "&D62&")") -> 3.20 NEP Sasman - Luis Alicea, 2b
A63: 61 | B63: 4 | C63: 1 | D63: FFR | E63: OKO | F63: David Riske, rmr | G63: from FFR w/1.17 and FFR 00-02 for FDH2.04, OKO2.05, OKO9.07 | H63: =IF(B63<10," ","")&B63&"."&IF(C63<10,"0","")&C63&" "&E63&" "&VLOOKUP(E63,Teams!$A$2:$C$21,2,0)&REPT(" ",Teams!C$1+1-VLOOKUP(E63,Teams!$A$2:$C$21,3,0))&"- "&F63&IF(ISBLANK(D63),""," (from "&D63&")") -> 4.01 OKO Smith - David Riske, rmr (from FFR)
A64: 62 | B64: 4 | C64: 2 | D64: GAR | E64: CTW | F64: FP Santangelo, cf | G64: from GAR for CTW00-03 | H64: =IF(B64<10," ","")&B64&"."&IF(C64<10,"0","")&C64&" "&E64&" "&VLOOKUP(E64,Teams!$A$2:$C$21,2,0)&REPT(" ",Teams!C$1+1-VLOOKUP(E64,Teams!$A$2:$C$21,3,0))&"- "&F64&IF(ISBLANK(D64),""," (from "&D64&")") -> 4.02 CTW RMiller - FP Santangelo, cf (from GAR)
A65: 63 | B65: 4 | C65: 3 | D65: BBG | E65: FFR | F65: Darren Holmes, rmr | G65: from BBG for FFR00-05, Roger Cedeno | H65: =IF(B65<10," ","")&B65&"."&IF(C65<10,"0","")&C65&" "&E65&" "&VLOOKUP(E65,Teams!$A$2:$C$21,2,0)&REPT(" ",Teams!C$1+1-VLOOKUP(E65,Teams!$A$2:$C$21,3,0))&"- "&F65&IF(ISBLANK(D65),""," (from "&D65&")") -> 4.03 FFR Scott - Darren Holmes, rmr (from BBG)
A66: 64 | B66: 4 | C66: 4 | E66: FDH | F66: Rolando Arrojo, rsp | H66: =IF(B66<10," ","")&B66&"."&IF(C66<10,"0","")&C66&" "&E66&" "&VLOOKUP(E66,Teams!$A$2:$C$21,2,0)&REPT(" ",Teams!C$1+1-VLOOKUP(E66,Teams!$A$2:$C$21,3,0))&"- "&F66&IF(ISBLANK(D66),""," (from "&D66&")") -> 4.04 FDH English - Rolando Arrojo, rsp
A67: 65 | B67: 4 | C67: 5 | D67: OKO | E67: GAR | F67: Ben Petrick, c | H67: =IF(B67<10," ","")&B67&"."&IF(C67<10,"0","")&C67&" "&E67&" "&VLOOKUP(E67,Teams!$A$2:$C$21,2,0)&REPT(" ",Teams!C$1+1-VLOOKUP(E67,Teams!$A$2:$C$21,3,0))&"- "&F67&IF(ISBLANK(D67),""," (from "&D67&")") -> 4.05 GAR Bernstein - Ben Petrick, c (from OKO)
A68: 66 | B68: 4 | C68: 6 | E68: FER | F68: Blake Stein, rsp | H68: =IF(B68<10," ","")&B68&"."&IF(C68<10,"0","")&C68&" "&E68&" "&VLOOKUP(E68,Teams!$A$2:$C$21,2,0)&REPT(" ",Teams!C$1+1-VLOOKUP(E68,Teams!$A$2:$C$21,3,0))&"- "&F68&IF(ISBLANK(D68),""," (from "&D68&")") -> 4.06 FER Olkin - Blake Stein, rsp
A69: 67 | B69: 4 | C69: 7 | E69: FHK | F69: Bill Spiers, 3b | H69: =IF(B69<10," ","")&B69&"."&IF(C69<10,"0","")&C69&" "&E69&" "&VLOOKUP(E69,Teams!$A$2:$C$21,2,0)&REPT(" ",Teams!C$1+1-VLOOKUP(E69,Teams!$A$2:$C$21,3,0))&"- "&F69&IF(ISBLANK(D69),""," (from "&D69&")") -> 4.07 FHK Chernow - Bill Spiers, 3b
A70: 68 | B70: 4 | C70: 8 | E70: MCL | F70: Alan Embree, lmr | H70: =IF(B70<10," ","")&B70&"."&IF(C70<10,"0","")&C70&" "&E70&" "&VLOOKUP(E70,Teams!$A$2:$C$21,2,0)&REPT(" ",Teams!C$1+1-VLOOKUP(E70,Teams!$A$2:$C$21,3,0))&"- "&F70&IF(ISBLANK(D70),""," (from "&D70&")") -> 4.08 MCL Manuel - Alan Embree, lmr
A71: 69 | B71: 4 | C71: 9 | E71: RMO | F71: Scott Strickland, rmr | H71: =IF(B71<10," ","")&B71&"."&IF(C71<10,"0","")&C71&" "&E71&" "&VLOOKUP(E71,Teams!$A$2:$C$21,2,0)&REPT(" ",Teams!C$1+1-VLOOKUP(E71,Teams!$A$2:$C$21,3,0))&"- "&F71&IF(ISBLANK(D71),""," (from "&D71&")") -> 4.09 RMO Haverty/Mojo - Scott Strickland, rmr
A72: 70 | B72: 4 | C72: 10 | E72: ZZY | F72: Scott Sauerbeck, lmr | H72: =IF(B72<10," ","")&B72&"."&IF(C72<10,"0","")&C72&" "&E72&" "&VLOOKUP(E72,Teams!$A$2:$C$21,2,0)&REPT(" ",Teams!C$1+1-VLOOKUP(E72,Teams!$A$2:$C$21,3,0))&"- "&F72&IF(ISBLANK(D72),""," (from "&D72&")") -> 4.10 ZZY Poole - Scott Sauerbeck, lmr
A73: 71 | B73: 4 | C73: 11 | D73: CIN | E73: BBG | F73: Mike Benjamin, ss | H73: =IF(B73<10," ","")&B73&"."&IF(C73<10,"0","")&C73&" "&E73&" "&VLOOKUP(E73,Teams!$A$2:$C$21,2,0)&REPT(" ",Teams!C$1+1-VLOOKUP(E73,Teams!$A$2:$C$21,3,0))&"- "&F73&IF(ISBLANK(D73),""," (from "&D73&")") -> 4.11 BBG Canter - Mike Benjamin, ss (from CIN)
A74: 72 | B74: 4 | C74: 12 | D74: CTW | E74: GAR | F74: D'Angelo Jimenez, 3b | H74: =IF(B74<10," ","")&B74&"."&IF(C74<10,"0","")&C74&" "&E74&" "&VLOOKUP(E74,Teams!$A$2:$C$21,2,0)&REPT(" ",Teams!C$1+1-VLOOKUP(E74,Teams!$A$2:$C$21,3,0))&"- "&F74&IF(ISBLANK(D74),""," (from "&D74&")") -> 4.12 GAR Bernstein - D'Angelo Jimenez, 3b (from CTW)
A75: 73 | B75: 4 | C75: 13 | E75: FLL | F75: Rey Sanchez, ss | H75: =IF(B75<10," ","")&B75&"."&IF(C75<10,"0","")&C75&" "&E75&" "&VLOOKUP(E75,Teams!$A$2:$C$21,2,0)&REPT(" ",Teams!C$1+1-VLOOKUP(E75,Teams!$A$2:$C$21,3,0))&"- "&F75&IF(ISBLANK(D75),""," (from "&D75&")") -> 4.13 FLL Carroll/Kleine - Rey Sanchez, ss
A76: 74 | B76: 4 | C76: 14 | D76: BAR | E76: ZZY | F76: Kevin McGlinchy, rmr | H76: =IF(B76<10," ","")&B76&"."&IF(C76<10,"0","")&C76&" "&E76&" "&VLOOKUP(E76,Teams!$A$2:$C$21,2,0)&REPT(" ",Teams!C$1+1-VLOOKUP(E76,Teams!$A$2:$C$21,3,0))&"- "&F76&IF(ISBLANK(D76),""," (from "&D76&")") -> 4.14 ZZY Poole - Kevin McGlinchy, rmr (from BAR)
A77: 75 | B77: 4 | C77: 15 | D77: TAR | E77: FFR | F77: David Bell, 2b | H77: =IF(B77<10," ","")&B77&"."&IF(C77<10,"0","")&C77&" "&E77&" "&VLOOKUP(E77,Teams!$A$2:$C$21,2,0)&REPT(" ",Teams!C$1+1-VLOOKUP(E77,Teams!$A$2:$C$21,3,0))&"- "&F77&IF(ISBLANK(D77),""," (from "&D77&")") -> 4.15 FFR Scott - David Bell, 2b (from TAR)
A78: 76 | B78: 4 | C78: 16 | D78: CEN | E78: FDH | F78: Wiki Gonzalez, c | G78: from CEN w/Kreuter for Darren Oliver, Tony Eusebio | H78: =IF(B78<10," ","")&B78&"."&IF(C78<10,"0","")&C78&" "&E78&" "&VLOOKUP(E78,Teams!$A$2:$C$21,2,0)&REPT(" ",Teams!C$1+1-VLOOKUP(E78,Teams!$A$2:$C$21,3,0))&"- "&F78&IF(ISBLANK(D78),""," (from "&D78&")") -> 4.16 FDH English - Wiki Gonzalez, c (from CEN)
A79: 77 | B79: 4 | C79: 17 | D79: EVN | E79: CIN | F79: Guillermo Mota, rmr | H79: =IF(B79<10," ","")&B79&"."&IF(C79<10,"0","")&C79&" "&E79&" "&VLOOKUP(E79,Teams!$A$2:$C$21,2,0)&REPT(" ",Teams!C$1+1-VLOOKUP(E79,Teams!$A$2:$C$21,3,0))&"- "&F79&IF(ISBLANK(D79),""," (from "&D79&")") -> 4.17 CIN CMiller - Guillermo Mota, rmr (from EVN)
A80: 78 | B80: 4 | C80: 18 | D80: TEW | E80: GAR | F80: Mike DiFelice, c | H80: =IF(B80<10," ","")&B80&"."&IF(C80<10,"0","")&C80&" "&E80&" "&VLOOKUP(E80,Teams!$A$2:$C$21,2,0)&REPT(" ",Teams!C$1+1-VLOOKUP(E80,Teams!$A$2:$C$21,3,0))&"- "&F80&IF(ISBLANK(D80),""," (from "&D80&")") -> 4.18 GAR Bernstein - Mike DiFelice, c (from TEW)
A81: 79 | B81: 4 | C81: 19 | D81: DLM/FDH | E81: FFR | F81: Luis Vizcaino, rmr | G81: from FDH w/ FDH 3.04 and FDH 5.04 for Kyle Farnsworth | H81: =IF(B81<10," ","")&B81&"."&IF(C81<10,"0","")&C81&" "&E81&" "&VLOOKUP(E81,Teams!$A$2:$C$21,2,0)&REPT(" ",Teams!C$1+1-VLOOKUP(E81,Teams!$A$2:$C$21,3,0))&"- "&F81&IF(ISBLANK(D81),""," (from "&D81&")") -> 4.19 FFR Scott - Luis Vizcaino, rmr (from DLM/FDH)
A82: 80 | B82: 4 | C82: 20 | E82: NEP | F82: Ramon Ortiz, rsp | H82: =IF(B82<10," ","")&B82&"."&IF(C82<10,"0","")&C82&" "&E82&" "&VLOOKUP(E82,Teams!$A$2:$C$21,2,0)&REPT(" ",Teams!C$1+1-VLOOKUP(E82,Teams!$A$2:$C$21,3,0))&"- "&F82&IF(ISBLANK(D82),""," (from "&D82&")") -> 4.20 NEP Sasman - Ramon Ortiz, rsp
A83: 81 | B83: 5 | C83: 1 | D83: FFR | E83: BAR | F83: Terry Steinbach, c | G83: from FFR w/5.04 and Ayala for 3.14 and 14.09 | H83: =IF(B83<10," ","")&B83&"."&IF(C83<10,"0","")&C83&" "&E83&" "&VLOOKUP(E83,Teams!$A$2:$C$21,2,0)&REPT(" ",Teams!C$1+1-VLOOKUP(E83,Teams!$A$2:$C$21,3,0))&"- "&F83&IF(ISBLANK(D83),""," (from "&D83&")") -> 5.01 BAR Marshall - Terry Steinbach, c (from FFR)
A84: 82 | B84: 5 | C84: 2 | E84: GAR | F84: Lou Pote, rmr | H84: =IF(B84<10," ","")&B84&"."&IF(C84<10,"0","")&C84&" "&E84&" "&VLOOKUP(E84,Teams!$A$2:$C$21,2,0)&REPT(" ",Teams!C$1+1-VLOOKUP(E84,Teams!$A$2:$C$21,3,0))&"- "&F84&IF(ISBLANK(D84),""," (from "&D84&")") -> 5.02 GAR Bernstein - Lou Pote, rmr
A85: 83 | B85: 5 | C85: 3 | D85: BBG | E85: NEP | F85: Sandy Alomar, c | H85: =IF(B85<10," ","")&B85&"."&IF(C85<10,"0","")&C85&" "&E85&" "&VLOOKUP(E85,Teams!$A$2:$C$21,2,0)&REPT(" ",Teams!C$1+1-VLOOKUP(E85,Teams!$A$2:$C$21,3,0))&"- "&F85&IF(ISBLANK(D85),""," (from "&D85&")") -> 5.03 NEP Sasman - Sandy Alomar, c (from BBG)
A86: 84 | B86: 5 | C86: 4 | D86: FDH/FFR | E86: BAR | F86: Jason Grimsley, rmr | G86: from FDH w/ DLM 4.19 and FDH 5.04 for Kyle Farnsworth, from FFR w/5.01 and Ayala for 3.14 and 14.09 | H86: =IF(B86<10," ","")&B86&"."&IF(C86<10,"0","")&C86&" "&E86&" "&VLOOKUP(E86,Teams!$A$2:$C$21,2,0)&REPT(" ",Teams!C$1+1-VLOOKUP(E86,Teams!$A$2:$C$21,3,0))&"- "&F86&IF(ISBLANK(D86),""," (from "&D86&")") -> 5.04 BAR Marshall - Jason Grimsley, rmr (from FDH/FFR)
A87: 85 | B87: 5 | C87: 5 | E87: FHK | F87: Mike Venafro, lmr | H87: =IF(B87<10," ","")&B87&"."&IF(C87<10,"0","")&C87&" "&E87&" "&VLOOKUP(E87,Teams!$A$2:$C$21,2,0)&REPT(" ",Teams!C$1+1-VLOOKUP(E87,Teams!$A$2:$C$21,3,0))&"- "&F87&IF(ISBLANK(D87),""," (from "&D87&")") -> 5.05 FHK Chernow - Mike Venafro, lmr
A88: 86 | B88: 5 | C88: 6 | E88: FER | F88: Kip Wells, rsp | H88: =IF(B88<10," ","")&B88&"."&IF(C88<10,"0","")&C88&" "&E88&" "&VLOOKUP(E88,Teams!$A$2:$C$21,2,0)&REPT(" ",Teams!C$1+1-VLOOKUP(E88,Teams!$A$2:$C$21,3,0))&"- "&F88&IF(ISBLANK(D88),""," (from "&D88&")") -> 5.06 FER Olkin - Kip Wells, rsp
A89: 87 | B89: 5 | C89: 7 | D89: OKO | E89: BBG | F89: David Lee, rmr | H89: =IF(B89<10," ","")&B89&"."&IF(C89<10,"0","")&C89&" "&E89&" "&VLOOKUP(E89,Teams!$A$2:$C$21,2,0)&REPT(" ",Teams!C$1+1-VLOOKUP(E89,Teams!$A$2:$C$21,3,0))&"- "&F89&IF(ISBLANK(D89),""," (from "&D89&")") -> 5.07 BBG Canter - David Lee, rmr (from OKO)
A90: 88 | B90: 5 | C90: 8 | E90: MCL | F90: Steve Schrenk, rmr | H90: =IF(B90<10," ","")&B90&"."&IF(C90<10,"0","")&C90&" "&E90&" "&VLOOKUP(E90,Teams!$A$2:$C$21,2,0)&REPT(" ",Teams!C$1+1-VLOOKUP(E90,Teams!$A$2:$C$21,3,0))&"- "&F90&IF(ISBLANK(D90),""," (from "&D90&")") -> 5.08 MCL Manuel - Steve Schrenk, rmr
A91: 89 | B91: 5 | C91: 9 | D91: ZZY | E91: MCL | F91: Allen Watson, lmr | H91: =IF(B91<10," ","")&B91&"."&IF(C91<10,"0","")&C91&" "&E91&" "&VLOOKUP(E91,Teams!$A$2:$C$21,2,0)&REPT(" ",Teams!C$1+1-VLOOKUP(E91,Teams!$A$2:$C$21,3,0))&"- "&F91&IF(ISBLANK(D91),""," (from "&D91&")") -> 5.09 MCL Manuel - Allen Watson, lmr (from ZZY)
A92: 90 | B92: 5 | C92: 10 | E92: CIN | F92: Darryl Hamilton, cf | H92: =IF(B92<10," ","")&B92&"."&IF(C92<10,"0","")&C92&" "&E92&" "&VLOOKUP(E92,Teams!$A$2:$C$21,2,0)&REPT(" ",Teams!C$1+1-VLOOKUP(E92,Teams!$A$2:$C$21,3,0))&"- "&F92&IF(ISBLANK(D92),""," (from "&D92&")") -> 5.10 CIN CMiller - Darryl Hamilton, cf
A93: 91 | B93: 5 | C93: 11 | E93: CTW | F93: Steve Decker, c | H93: =IF(B93<10," ","")&B93&"."&IF(C93<10,"0","")&C93&" "&E93&" "&VLOOKUP(E93,Teams!$A$2:$C$21,2,0)&REPT(" ",Teams!C$1+1-VLOOKUP(E93,Teams!$A$2:$C$21,3,0))&"- "&F93&IF(ISBLANK(D93),""," (from "&D93&")") -> 5.11 CTW RMiller - Steve Decker, c
A94: 92 | B94: 5 | C94: 12 | D94: FLL | E94: DLM | F94: Dante Bichette, lf | G94: w/Rick Aguilera for Mike Williams and DLM00-08 | H94: =IF(B94<10," ","")&B94&"."&IF(C94<10,"0","")&C94&" "&E94&" "&VLOOKUP(E94,Teams!$A$2:$C$21,2,0)&REPT(" ",Teams!C$1+1-VLOOKUP(E94,Teams!$A$2:$C$21,3,0))&"- "&F94&IF(ISBLANK(D94),""," (from "&D94&")") -> 5.12 DLM Potter - Dante Bichette, lf (from FLL)
A95: 93 | B95: 5 | C95: 13 | D95: BAR | E95: CIN | F95: Ricky Bottalico, rcl | H95: =IF(B95<10," ","")&B95&"."&IF(C95<10,"0","")&C95&" "&E95&" "&VLOOKUP(E95,Teams!$A$2:$C$21,2,0)&REPT(" ",Teams!C$1+1-VLOOKUP(E95,Teams!$A$2:$C$21,3,0))&"- "&F95&IF(ISBLANK(D95),""," (from "&D95&")") -> 5.13 CIN CMiller - Ricky Bottalico, rcl (from BAR)
A96: 94 | B96: 5 | C96: 14 | D96: CEN | E96: NEP | F96: Geoff Blum, ss | G96: from CEN for Brian Moehler | H96: =IF(B96<10," ","")&B96&"."&IF(C96<10,"0","")&C96&" "&E96&" "&VLOOKUP(E96,Teams!$A$2:$C$21,2,0)&REPT(" ",Teams!C$1+1-VLOOKUP(E96,Teams!$A$2:$C$21,3,0))&"- "&F96&IF(ISBLANK(D96),""," (from "&D96&")") -> 5.14 NEP Sasman - Geoff Blum, ss (from CEN)
A97: 95 | B97: 5 | C97: 15 | D97: TAR | E97: BBG | F97: Ed Sprague, 3b | H97: =IF(B97<10," ","")&B97&"."&IF(C97<10,"0","")&C97&" "&E97&" "&VLOOKUP(E97,Teams!$A$2:$C$21,2,0)&REPT(" ",Teams!C$1+1-VLOOKUP(E97,Teams!$A$2:$C$21,3,0))&"- "&F97&IF(ISBLANK(D97),""," (from "&D97&")") -> 5.15 BBG Canter - Ed Sprague, 3b (from TAR)
A98: 96 | B98: 5 | C98: 16 | E98: EVN | F98: Pat Mahomes, rmr | H98: =IF(B98<10," ","")&B98&"."&IF(C98<10,"0","")&C98&" "&E98&" "&VLOOKUP(E98,Teams!$A$2:$C$21,2,0)&REPT(" ",Teams!C$1+1-VLOOKUP(E98,Teams!$A$2:$C$21,3,0))&"- "&F98&IF(ISBLANK(D98),""," (from "&D98&")") -> 5.16 EVN Henninger - Pat Mahomes, rmr
A99: 97 | B99: 5 | C99: 17 | E99: TEW | F99: Casey Blake, 3b | H99: =IF(B99<10," ","")&B99&"."&IF(C99<10,"0","")&C99&" "&E99&" "&VLOOKUP(E99,Teams!$A$2:$C$21,2,0)&REPT(" ",Teams!C$1+1-VLOOKUP(E99,Teams!$A$2:$C$21,3,0))&"- "&F99&IF(ISBLANK(D99),""," (from "&D99&")") -> 5.17 TEW Bailey - Casey Blake, 3b
A100: 98 | B100: 5 | C100: 18 | D100: DLM | E100: NEP | F100: Frank Menechino, 2b | H100: =IF(B100<10," ","")&B100&"."&IF(C100<10,"0","")&C100&" "&E100&" "&VLOOKUP(E100,Teams!$A$2:$C$21,2,0)&REPT(" ",Teams!C$1+1-VLOOKUP(E100,Teams!$A$2:$C$21,3,0))&"- "&F100&IF(ISBLANK(D100),""," (from "&D100&")") -> 5.18 NEP Sasman - Frank Menechino, 2b (from DLM)
...

Sheet 1999 Trades
A1: Date | B1: Team1 | C1: Trades away | D1: Team2 | E1: Trades away | F1: 2000 Picks | G1: BBG | H1: Tm | I1: 2000 PICKS RECEIVED
A2: 40180 | B2: MCL | C2: MCL1.09, MCL9.08, Chris Carpenter, Aaron Sele, Mark Loretta | D2: RMO | E2: RMO11.08, Mike Mussina, Mike Redmond | F2: 0 | H2: BAR | K2: NNN-03
A3: 40182 | B3: FFR | C3: FFR1.04, FFR00-03 | D3: RMO | E3: MCL1.09, RMO00-02 | F3: 2 | H3: BBG | M3: FFR-05 | R3: FHK-15
A4: 40182 | B4: CIN | C4: CIN1.15 | D4: OKO | E4: Russ Ortiz | F4: 0 | H4: CEN | M4: CIN-05 | N4: NNN-06 | O4: DLM-06 | P4: DLM-07 | R4: DLM-12
A5: 40183 | B5: BAR | C5: Mike DeJean | D5: OKO | E5: Shawon Dunston | F5: 0 | H5: CIN | K5: TAR-03 | L5: BBG-05 | M5: DLM-05 | N5: TEW-05 | O5: CTW-06 | R5: TAR-12
A6: 40183 | B6: RMO | C6: RMO00-01 | D6: TEW | E6: TEW1.18 | F6: 1 | H6: CTW | Q6: FLL-08
A7: 40183 | B7: FFR | C7: 1.17, 4.01, FFR00-02 | D7: OKO | E7: FDH2.04, OKO2.05, OKO9.07 | F7: 1 | H7: DLM | M7: GAR-05 | Q7: CTW-09
A8: 40183 | B8: BBG | C8: BBG2.03, BBG00-05 | D8: CIN | E8: Ray Lankford | F8: 1 | H8: EVN | J8: CEN-02
A9: 40183 | B9: CTW | C9: FFR2.01, CTW00-04 | D9: FFR | E9: DLM1.19 | F9: 1 | H9: FDH
A10: 40183 | B10: NEP | C10: NEP1.20 | D10: RMO | E10: RMO 3.09, FFR 00-3, RMO 00-5 | F10: 1 | H10: FER
A11: 40184 | B11: OKO | C11: Kevin Young | D11: TAR | E11: TAR 3.16 | F11: 0 | H11: FFR | J11: RMO-02 | L11: CTW-04
A12: 40184 | B12: FLL | C12: Steve Parris | D12: GAR | E12: GAR 00-3 | F12: 1 | H12: FHK
A13: 40184 | B13: DLM | C13: Mike Williams, DLM00-08 | D13: FLL | E13: Rick Aguilera, FLL5.12 | F13: 1 | H13: FLL | I13: TEW-01 | J13: CIN-02 | K13: GAR-03 | O13: BAR-07 | P13: DLM-08 | Q13: OKO-08 | R13: TAR-11
A14: 40184 | B14: FFR | C14: Kyle Farnsworth | D14: FDH | E14: FDH 3.04, DLM 4.19, FDH 5.04 | F14: 0 | H14: GAR | J14: CTW-02 | L14: DLM-04 | Q14: DLM-10 | R14: DLM-14
A15: 40185 | B15: BAR | C15: BAR00-06 | D15: NEP | E15: Graeme Lloyd | F15: 1 | H15: MCL | P15: EVN-08 | R15: CIN-12
A16: 40185 | B16: CEN | C16: CEN 5.14 | D16: NEP | E16: Brian Moehler | F16: 0 | H16: NEP | K16: FFR-03 | M16: RMO-05 | N16: BAR-06 | P16: CIN-08
A17: 40186 | B17: CIN | C17: Scott Sullivan | D17: FHK | E17: Vicente Padilla | F17: 0 | H17: NNN | I17: BAR-01 | K17: CTW-03
A18: 40186 | B18: BAR | C18: 3.14, 14.09 | D18: FFR | E18: 5.01, 5.04, Bobby Ayala | F18: 0 | H18: OKO | J18: FFR-02 | R18: FLL-13
A19: 40186 | B19: CTW | C19: CTW00-03 | D19: GAR | E19: GAR4.02 | F19: 1 | H19: RMO | M19: BAR-05 | P19: BAR-08
A20: 40186 | B20: BBG | C20: BBG 4.03 | D20: FFR | E20: FFR00-05, Roger Cedeno | F20: 1 | H20: TAR | M20: MCL-05 | O20: CEN-07
A21: 40186 | B21: CEN | C21: CEN 4.16, Chad Kreuter | D21: FDH | E21: Tony Eusebio, Darren Oliver | F21: 0 | H21: TEW | I21: RMO-01 | O21: FLL-07
A22: 40187 | B22: BAR | C22: BAR00-07 | D22: FLL | E22: 15.06, 15.07, 16.05, 17.05, 18.05, 19.03 | F22: 1 | R22: =COUNTA(I2:R21) -> 47
A23: 40187 | B23: FLL | C23: Armando Reynoso | D23: NNN | E23: ZZY8.10 | F23: 0
A24: 40187 | B24: CEN | C24: Damian Jackson | D24: CIN | E24: CIN00-05 | F24: 1
A25: 40187 | B25: CEN | C25: 7.15, 8.15, 9.15, 10.15 | D25: DLM | E25: DLM00-06, DLM00-07, DLM00-12 | F25: 3 | H25: Tm | I25: 2000 PICKS TRADED
A26: 40188 | B26: BAR | C26: BAR00-01 | D26: NNN | E26: Tim Wakefield, ZZY00-03 | F26: 2 | H26: BAR | I26: BAR-01 | M26: BAR-05 | N26: BAR-06 | O26: BAR-07 | P26: BAR-08
A27: 40189 | B27: CIN | C27: CIN00-08 | D27: NEP | E27: NEP12.17, NEP13.15, NEP14.14 | F27: 1 | H27: BBG | M27: BBG-05
A28: 40189 | B28: CIN | C28: Ismael Valdes, CIN10.10 | D28: DLM | E28: DLM00-05 | F28: 1 | H28: CEN | J28: CEN-02 | O28: CEN-07 | P28: CEN-08
A29: 40189 | B29: DLM | C29: Tom Glavine | D29: FLL | E29: Larry Walker | F29: 0 | H29: CIN | J29: CIN-02 | M29: CIN-05 | P29: CIN-08 | R29: CIN-12
A30: 40189 | B30: CIN | C30: Ben Grieve, Damian Jackson | D30: TAR | E30: TAR9.16, TAR00-03, TAR00-12 | F30: 2 | H30: CTW | J30: CTW-02 | K30: CTW-03 | L30: CTW-04 | N30: CTW-06 | Q30: CTW-09
A31: 40190 | B31: BBG | C31: BBG8.03 | D31: FHK | E31: FHK8.07, FHK00-15 | F31: 1 | H31: DLM | K31: DLM-04 | L31: DLM-05 | M31: DLM-06 | N31: DLM-07 | O31: DLM-08 | P31: DLM-10 | Q31: DLM-12 | R31: DLM-14
A32: 40190 | B32: DLM | C32: DLM00-04, DLM00-05 | D32: GAR | E32: GAR00-05, Rey Ordonez | F32: 3 | H32: EVN | P32: EVN-08
A33: 40191 | B33: FFR | C33: Al Martin | D33: TAR | E33: TAR00-11 | F33: 1 | H33: FDH
A34: 40191 | B34: FFR | C34: TAR00-11, Donnels, Larkin, Ojala | D34: FLL | E34: FLL14.08 | F34: 0 | H34: FER
A35: 40192 | B35: CIN | C35: CIN00-12 | D35: MCL | E35: 15.03, 16.02, 17.02, 18.02 | F35: 1 | H35: FFR | J35: FFR-02 | K35: FFR-03 | M35: FFR-05
A36: 40211 | B36: CEN | C36: Chris Gomez | D36: NNN | E36: ZZY00-06 | F36: 1 | G36: =0.75*75 -> 56.25 | H36: FHK | R36: FHK-15
A37: 40222 | B37: EVN | C37: BJ Surhoff, EVN00-08 | D37: MCL | E37: Matt Lawton | F37: 1 | H37: FLL | O37: FLL-07 | P37: FLL-08 | R37: FLL-13
A38: 40231 | B38: CEN | C38: David Wells, CEN00-02 | D38: EVN | E38: Daal, Elarton, Hernandez, Mahomes | F38: 1 | H38: GAR | K38: GAR-03 | M38: GAR-05
A39: 40238 | B39: DLM | C39: Angel Pena, Pete Schourek, JD Smart | D39: EVN | E39: Robinson Cancel, Doug Glanville | F39: 0 | H39: MCL | M39: MCL-05
A40: 40239 | B40: BAR | C40: BAR00-05, BAR00-08, Scott Pose | D40: RMO | E40: Al Reyes, Dennys Reyes | F40: 2 | H40: NEP
A41: 40241 | B41: CTW | C41: CTW00-06 | D41: FLL | E41: David Dellucci, FLL00-08 | F41: 2 | H41: NNN | K41: NNN-03 | N41: NNN-06 | O41: NNN-07 | P41: NNN-08
A42: 40241 | B42: FLL | C42: FLL00-07, Rey Sanchez | D42: TEW | E42: TEW00-05 | F42: 2 | H42: OKO | P42: OKO-08
A43: 40241 | B43: EVN | C43: Dustin Hermanson | D43: TEW | E43: James Baidwin, Eric Owens | F43: 0 | H43: RMO | I43: RMO-01 | J43: RMO-02 | M43: RMO-05 | P43: RMO-08
A44: 40245 | B44: DLM | C44: Cone, Brocail, DLM00-10 | D44: GAR | E44: Wade Miller, Jose Molina | F44: 1 | H44: TAR | K44: TAR-03 | O44: TAR-08 | Q44: TAR-11 | R44: TAR-12
A45: 40248 | B45: FLL | C45: Jason Schmidt | D45: TEW | E45: TEW00-01 | F45: 1 | H45: TEW | I45: TEW-01 | M45: TEW-05
A46: 40248 | B46: CIN | C46: CIN00-02, Magglio Ordonez, Ken Caminiti | D46: FLL | E46: TEW00-05, CTW00-06, Carlos Lee, Francisco Cordero | F46: 1 | R46: =COUNTA(I26:R45) -> 52
A47: 40252 | B47: CEN | C47: Rick White | D47: EVN | E47: Royce Clayton | F47: 0
A48: 40252 | B48: CTW | C48: Mike Bordick, Tom Martin, CTW00-09 | D48: DLM | E48: Rey Ordonez, Mike Maddux, Reggie Harris, Darryl Strawberry | F48: 1 | H48: Trades Made | J48: Congrats | K48: Keepers | L48: Ballots
A49: 40255 | B49: DLM | C49: Pete Harnisch | D49: GAR | E49: Ramiro Mendoza | F49: 0 | H49: BAR | I49: =COUNTIF($B$2:$B$106,H49)+COUNTIF($D$2:$D$106,H49) -> 8
A50: 40257 | B50: CTW | C50: CTW00-02 | D50: GAR | E50: Jamey Wright, CTW00-03 | F50: 0 | H50: BBG | I50: =COUNTIF($B$2:$B$106,H50)+COUNTIF($D$2:$D$106,H50) -> 3
A51: 40263 | B51: MCL | C51: Paul Konerko, MCL00-05 | D51: TAR | E51: Kevin Young, Jeff Shaw | F51: 1 | H51: CEN | I51: =COUNTIF($B$2:$B$106,H51)+COUNTIF($D$2:$D$106,H51) -> 9
A52: 40263 | B52: BAR | C52: Placido Polanco | D52: TAR | E52: Mike Hampton | F52: 0 | H52: CIN | I52: =COUNTIF($B$2:$B$106,H52)+COUNTIF($D$2:$D$106,H52) -> 9
A53: 40269 | B53: CEN | C53: Steve Reed, CEN00-07 | D53: TAR | E53: Brian Bohanon | F53: 1 | H53: CTW | I53: =COUNTIF($B$2:$B$106,H53)+COUNTIF($D$2:$D$106,H53) -> 7
A54: 40273 | B54: FLL | C54: Vinny Castilla, Kirt Ojala, FLL00-13 | D54: OKO | E54: OKO00-08 | F54: 2 | H54: DLM | I54: =COUNTIF($B$2:$B$106,H54)+COUNTIF($D$2:$D$106,H54) -> 9
A55: 40273 | B55: CTW | C55: Paul Quantrill, Mike Kinkade, Masao Kida | D55: OKO | E55: Mike Remlinger | F55: 0 | H55: EVN | I55: =COUNTIF($B$2:$B$106,H55)+COUNTIF($D$2:$D$106,H55) -> 5
A56: 40273 | B56: CTW | C56: CTW00-03, Mike Maddux | D56: NNN | E56: Jay Bell | F56: 1 | H56: FDH | I56: =COUNTIF($B$2:$B$106,H56)+COUNTIF($D$2:$D$106,H56) -> 2
A57: 40273 | B57: BAR | C57: Jason Grimsley | D57: TAR | E57: Ben Grieve, Stan Javier | F57: 0 | H57: FER | I57: =COUNTIF($B$2:$B$106,H57)+COUNTIF($D$2:$D$106,H57) -> 0
A58: 40293 | B58: RMO | C58: RMO00-08 | D58: N/A | E58: FORFEITED PICK for Randy Knorr | F58: 1 | H58: FFR | I58: =COUNTIF($B$2:$B$106,H58)+COUNTIF($D$2:$D$106,H58) -> 8
A59: 40294 | B59: TAR | C59: TAR00-08 | D59: N/A | E59: FORFEITED PICK for Darren Lewis | F59: 1 | H59: FHK | I59: =COUNTIF($B$2:$B$106,H59)+COUNTIF($D$2:$D$106,H59) -> 2
A60: 40299 | B60: CEN | C60: CEN00-08 | D60: N/A | E60: FORFEITED PICK for Brian McRae | F60: 1 | H60: FLL | I60: =COUNTIF($B$2:$B$106,H60)+COUNTIF($D$2:$D$106,H60) -> 11
... A62: 40299 | B62: NNN | C62: NNN00-07 | D62: N/A | E62: FORFEITED PICK for John Snyder | F62: 1 | H62: MCL | I62: =COUNTIF($B$2:$B$106,H62)+COUNTIF($D$2:$D$106,H62) -> 4
H63: NEP | I63: =COUNTIF($B$2:$B$106,H63)+COUNTIF($D$2:$D$106,H63) -> 4
H64: NNN | I64: =COUNTIF($B$2:$B$106,H64)+COUNTIF($D$2:$D$106,H64) -> 6
H65: OKO | I65: =COUNTIF($B$2:$B$106,H65)+COUNTIF($D$2:$D$106,H65) -> 6
H66: RMO | I66: =COUNTIF($B$2:$B$106,H66)+COUNTIF($D$2:$D$106,H66) -> 6
H67: TAR | I67: =COUNTIF($B$2:$B$106,H67)+COUNTIF($D$2:$D$106,H67) -> 8
H68: TEW | I68: =COUNTIF($B$2:$B$106,H68)+COUNTIF($D$2:$D$106,H68) -> 4
H69: F/A | I69: =COUNTIF($B$2:$B$106,H69)+COUNTIF($D$2:$D$106,H69) -> 0

Sheet 1999 PreDraft Trades
A1: Date | B1: Team1 | C1: Trades away | D1: Team2 | E1: Trades away | F1: 1999 Picks | G1: CTW | H1: Tm | I1: 1999 PICKS RECEIVED
A2: 39790 | B2: OKO | C2: Hampton, DeShields, Telemaco | D2: TAR | E2: Mike Sweeney | F2: 0 | H2: BAR | I2: CIN9902 | J2: CTW9903 | K2: ZZY9906 | L2: ZZY9907 | M2: CIN9912
A3: 39790 | B3: DLM | C3: 2.01 | D3: OKO | E3: Andy Ashby | F3: 0 | H3: BBG | I3: FFR9903 | J3: CIN9904 | K3: OKO9905 | L3: TAR9905 | M3: FFR9906 | N3: RMO9907 | O3: CIN9909
A4: 39792 | B4: DLM | C4: 1.04, 3.01, DLM9901, Vanderwal | D4: FFR | E4: Greg Maddux, FFR9903 | F4: 2 | H4: CEN
A5: 39793 | B5: DLM | C5: DLM9904 | D5: FDH | E5: Jeff Reed | F5: 1 | H5: CIN | I5: CEN9901 | J5: BAR9901 | K5: EVN9904 | L5: BAR9905 | M5: RMO9906
A6: 39794 | B6: DLM | C6: Kevin Millwood | D6: MCL | E6: Pete Harnisch, Eddie Perez | F6: 0 | H6: CTW | I6: FFR9902 | J6: DLM9902 | K6: TAR9906 | L6: DLM9906 | M6: BAR9908
A7: 39796 | B7: CTW | C7: Shigetoshi Hasegawa, Paul O'Neill | D7: DLM | E7: DLM9902, Paul Shuey | F7: 1 | H7: DLM | I7: GAR9906 | J7: CTW9918
A8: 39796 | B8: FFR | C8: Jose Panigua, John Vander Wal | D8: OKO | E8: Jose Hernandez | F8: 0 | H8: EVN | I8: RMO9902
A9: 39796 | B9: CTW | C9: Kevin Appier | D9: FDH | E9: Jose Lima, S Montgomery | F9: 0 | H9: FDH | I9: DLM9904
A10: 39797 | B10: FFR | C10: Roger Clemens | D10: RMO | E10: Torii Hunter, RMO9902, 2.03 | F10: 1 | H10: FER | I10: TEW9903 | J10: CEN9903
A11: 39798 | B11: CTW | C11: Mickey Morandini, Roberto Kelly | D11: TEW | E11: 11.17, Reggie Sanders | F11: 0 | H11: FFR | I11: CTW9901 | J11: DLM9901 | K11: EVN9901 | L11: TAR9904 | M11: CTW9908 | N11: BAR9916
A12: 39799 | B12: FDH | C12: Javier, Mike Maddux, Radinsky | D12: MCL | E12: Craig Counsell, Mark Kotsay | F12: 0 | H12: FHK
A13: 39799 | B13: CTW | C13: Bobby Estalella | D13: OKO | E13: 4.08 | F13: 0 | H13: GAR | I13: DLM9903 | J13: OKO9904 | K13: CTW9904 | L13: TEW9904 | M13: CTW9906 | N13: DLM9907 | O13: RMO9908
A14: 39799 | B14: BBG | C14: Shawn Estes | D14: OKO | E14: 2.08 | F14: 0 | H14: MCL | I14: ZZY9905 | J14: TEW9906
A15: 39799 | B15: CTW | C15: Andy Pettitte, CTW9901 | D15: FFR | E15: John Smoltz | F15: 1 | H15: NEP | I15: BBG9903 | J15: BBG9905 | K15: DLM9905 | L15: CTW9912
A16: 39800 | B16: FDH | C16: Chris Stynes, David Weathers | D16: OKO | E16: Danny Bautista, R Rincon | F16: 0 | H16: OKO | I16: FDH9902
A17: 39801 | B17: MCL | C17: Ricky Gutierrez, Tim Worrell | D17: OKO | E17: Tony Batista, 11.09 | F17: 0 | H17: RMO | I17: CTW9910 | J17: BAR9910 | K17: EVN9909 | L17: END99XX
A18: 39812 | B18: GAR | C18: Shannon Stewart | D18: RMO | E18: Jeff D'Amico, Sean Lowe | F18: 0 | H18: TAR | I18: END99XX
A19: 39814 | B19: CTW | C19: Chuck Knoblauch | D19: WIN | E19: Mike Bordick, Pokey Reese | F19: 0 | H19: TEW
A20: 39818 | B20: RMO | C20: RMO9901, RMO98-5.03 | D20: WIN | E20: 98-1.11 | F20: 1 | H20: WIN | I20: RMO9901 | J20: CEN9902 | K20: CIN9908 | L20: BAR9915
A21: 39818 | B21: CTW | C21: Jason Giambi, Will Clark | D21: FFR | E21: Mark McGwire, 1.12, 3.01 | F21: 0 | H21: ZZY | I21: BAR9904 | J21: BAR9906 | K21: CEN9906 | L21: BAR9907
A22: 39819 | B22: FDH | C22: FDH9902, Mark Kotsay, DLM9904 | D22: OKO | E22: 1.15 | F22: 1 | Q22: =COUNTA(I2:Q21) -> 61
A23: 39819 | B23: FFR | C23: Juan Gonzalez, Steinbach, 98-2.11 | D23: TAR | E23: 98-1.14, TAR9904, G Anderson | F23: 1
A24: 39819 | B24: DLM | C24: Chris Hammond | D24: FFR | E24: Chuck McElroy | F24: 0 | H24: Tm | I24: 1999 PICKS TRADED
A25: 39820 | B25: FDH | C25: 4.12 | D25: OKO | E25: DLM9904 | F25: 0 | H25: BAR | I25: BAR9901 | J25: BAR9904 | K25: BAR9905 | L25: BAR9906 | M25: BAR9907 | N25: BAR9908 | O25: BAR9910 | P25: BAR9915 | Q25: BAR9916
A26: 39820 | B26: EVN | C26: EVN9901, Tyler Green | D26: FFR | E26: Omar Daal, RMO9902 | F26: 1 | H26: BBG | I26: BBG9903 | J26: BBG9905
A27: 39820 | B27: FFR | C27: 6.11 | D27: WIN | E27: Eli Marrero | F27: 0 | H27: CEN | I27: CEN9901 | J27: CEN9902 | K27: CEN9903 | L27: CEN9906
A28: 39821 | B28: FDH | C28: Brian Bohanon | D28: TAR | E28: 2.11 | F28: 0 | H28: CIN | I28: CIN9902 | J28: CIN9904 | K28: CIN9908 | L28: CIN9909 | M28: CIN9912
A29: 39821 | B29: CIN | C29: Brett Tomko | D29: TAR | E29: 2.13 | F29: 0 | H29: CTW | I29: CTW9901 | J29: CTW9903 | K29: CTW9904 | L29: CTW9906 | M29: CTW9908 | N29: CTW9910 | O29: CTW9912 | P29: CTW9918
A30: 39821 | B30: DLM | C30: 3.15, 8.17 | D30: FDH | E30: Willie Greene | F30: 0 | H30: DLM | I30: DLM9901 | J30: DLM9902 | K30: DLM9903 | L30: DLM9904 | M30: DLM9905 | N30: DLM9906 | O30: DLM9907
A31: 39822 | B31: NEP | C31: Woody Williams | D31: RMO | E31: 2.14 | F31: 0 | H31: EVN | I31: EVN9901 | J31: EVN9904 | K31: EVN9909
A32: 39822 | B32: BBG | C32: 3.20 | D32: RMO | E32: Ron Villone | F32: 0 | H32: FDH | I32: FDH9902
A33: 39822 | B33: CEN | C33: 2.18, 5.18 | D33: FFR | E33: Matt Williams, 4.11, 7.10 | F33: 0 | H33: FER
A34: 39822 | B34: OKO | C34: 3.08, Devon White | D34: ZZY | E34: 2.19 | F34: 0 | H34: FFR | I34: FFR9902 | J34: FFR9903 | K34: FFR9906
A35: 39823 | B35: BAR | C35: Russ Davis, Orlando Merced | D35: FDH | E35: David Segui | F35: 0 | H35: FHK
A36: 39824 | B36: RMO | C36: 3.16, 4.03 | D36: WIN | E36: 3.10, 7.09 | F36: 0 | H36: GAR | I36: GAR9906
A37: 39824 | B37: FFR | C37: 3.11 | D37: RMO | E37: Jason Johnson, 7.03, 8.14 | F37: 0 | H37: MCL
A38: 39824 | B38: BBG | C38: Justin Thompson, BBG9903, BBG9905 | D38: NEP | E38: Jose Rosado | F38: 2 | H38: NEP
A39: 39825 | B39: RMO | C39: Alan Levine, Armando Reynoso | D39: WIN | E39: 7.16, 10.08 | F39: 0 | H39: OKO | I39: OKO9904 | J39: OKO9905
A40: 39825 | B40: TEW | C40: John Wetteland | D40: WIN | E40: 4.03, Dante Bichette | F40: 0 | H40: RMO | I40: RMO9901 | J40: RMO9902 | K40: RMO9905 | L40: RMO9906 | M40: RMO9907 | N40: RMO9908
A41: 39825 | B41: DLM | C41: DLM9903 | D41: GAR | E41: Mike Simms | F41: 1 | H41: TAR | I41: TAR9904 | J41: TAR9905 | K41: TAR9906 | L41: TAR9908
A42: 39825 | B42: BBG | C42: Mike Jackson | D42: DLM | E42: FFR9903, DLM9905 | F42: 1 | H42: TEW | I42: TEW9903 | J42: TEW9904 | K42: TEW9906
A43: 39825 | B43: OKO | C43: 4.12 | D43: RMO | E43: 6.03, 7.16 | F43: 0 | H43: WIN
A44: 39825 | B44: FFR | C44: John Valentin | D44: RMO | E44: 5.11, 11.13 | F44: 0 | H44: ZZY | I44: ZZY9905 | J44: ZZY9906 | K44: ZZY9907
A45: 39825 | B45: BBG | C45: Geremi Gonzalez | D45: OKO | E45: OKO9905 | F45: 1 | Q45: =COUNTA(I25:Q44) -> 61
A46: 39825 | B46: FFR | C46: Will Clark | D46: TAR | E46: 5.13, 7.12 | F46: 0
A47: 39826 | B47: BBG | C47: Jeff Montgomery | D47: RMO | E47: RMO9907 | F47: 1
A48: 39826 | B48: MCL | C48: Tim Belcher | D48: ZZY | E48: ZZY9905 | F48: 1 | H48: Trades Made | J48: Congrats | K48: Keepers | L48: Ballots
A49: 39826 | B49: DLM | C49: 10.01, 12.01, 18.01 | D49: FFR | E49: 5.13 | F49: 0 | H49: BAR | I49: =COUNTIF($B$2:$B$106,H49)+COUNTIF($D$2:$D$106,H49) -> 10 | J49: 1
A50: 39826 | B50: BBG | C50: Scott Erickson | D50: CIN | E50: CIN9904, CIN9909 | F50: 2 | H50: BBG | I50: =COUNTIF($B$2:$B$106,H50)+COUNTIF($D$2:$D$106,H50) -> 10 | J50: 1 | K50: 1
A51: 39826 | B51: GAR | C51: Steve Sparks | D51: OKO | E51: OKO9904, Paniagua, 10.06 | F51: 1 | H51: CEN | I51: =COUNTIF($B$2:$B$106,H51)+COUNTIF($D$2:$D$106,H51) -> 11 | J51: 1 | K51: 1
A52: 39826 | B52: CEN | C52: Jesse Orosco | D52: GAR | E52: Jason Christiansen | F52: 0 | H52: CIN | I52: =COUNTIF($B$2:$B$106,H52)+COUNTIF($D$2:$D$106,H52) -> 10 | J52: 1 | K52: 1
A53: 39826 | B53: FFR | C53: 5.18 | D53: OKO | E53: 6.08, 12.06 | F53: 0 | H53: CTW | I53: =COUNTIF($B$2:$B$106,H53)+COUNTIF($D$2:$D$106,H53) -> 25 | J53: 1 | K53: 1
A54: 39827 | B54: CEN | C54: Todd Jones | D54: RMO | E54: Bob Wells | F54: 0 | H54: DLM | I54: =COUNTIF($B$2:$B$106,H54)+COUNTIF($D$2:$D$106,H54) -> 14 | J54: 1
A55: 39827 | B55: CTW | C55: CTW9904, CTW9906, Bonilla | D55: GAR | E55: Damion Easley, 6.02 | F55: 2 | H55: EVN | I55: =COUNTIF($B$2:$B$106,H55)+COUNTIF($D$2:$D$106,H55) -> 4 | J55: 1 | K55: 1
A56: 39827 | B56: BBG | C56: Randy Myers, Bill Spiers | D56: FFR | E56: FFR9906 | F56: 1 | H56: FDH | I56: =COUNTIF($B$2:$B$106,H56)+COUNTIF($D$2:$D$106,H56) -> 13 | J56: 1
A57: 39827 | B57: CTW | C57: Joe Table, Dan Serafini | D57: FFR | E57: FFR9902, 8.14 | F57: 1 | H57: FER | I57: =COUNTIF($B$2:$B$106,H57)+COUNTIF($D$2:$D$106,H57) -> 2 | J57: 1
A58: 39827 | B58: BAR | C58: BAR9906 | D58: ZZY | E58: 8.06, 9.05, 10.05 | F58: 1 | H58: FFR | I58: =COUNTIF($B$2:$B$106,H58)+COUNTIF($D$2:$D$106,H58) -> 19 | J58: 1 | K58: 1
A59: 39827 | B59: BBG | C59: Aaron Ledesma | D59: TAR | E59: TAR9905 | F59: 1 | H59: FHK | I59: =COUNTIF($B$2:$B$106,H59)+COUNTIF($D$2:$D$106,H59) -> 0 | J59: 1
A60: 39828 | B60: CEN | C60: Kelly Stinnett | D60: DLM | E60: Aguilera, 8, 11, 13-17 | F60: 0 | H60: GAR | I60: =COUNTIF($B$2:$B$106,H60)+COUNTIF($D$2:$D$106,H60) -> 9 | J60: 1
A61: 39828 | B61: GAR | C61: Sean Lowe | D61: RMO | E61: Jamey Wright, RMO9908 | F61: 1 | H61: MCL | I61: =COUNTIF($B$2:$B$106,H61)+COUNTIF($D$2:$D$106,H61) -> 8 | J61: 1
A62: 39828 | B62: FDH | C62: Mike Redmond, FDH9910 | D62: RMO | E62: S Lowe, Walbeck, 10.08, 14.13 | F62: 1 | H62: NEP | I62: =COUNTIF($B$2:$B$106,H62)+COUNTIF($D$2:$D$106,H62) -> 4 | J62: 0
A63: 39828 | B63: CIN | C63: 10.14 | D63: EVN | E63: 12.07, 13.07, 18.07 | F63: 0 | H63: OKO | I63: =COUNTIF($B$2:$B$106,H63)+COUNTIF($D$2:$D$106,H63) -> 15 | J63: 1 | K63: 1
A64: 39828 | B64: CEN | C64: 12.15, 14.01, 16.01 | D64: CIN | E64: 9.14 | F64: 0 | H64: RMO | I64: =COUNTIF($B$2:$B$106,H64)+COUNTIF($D$2:$D$106,H64) -> 23 | J64: 1
A65: 39829 | B65: FDH | C65: 10.08, 14.13 | D65: RMO | E65: FDH9910 | F65: -1 | H65: TAR | I65: =COUNTIF($B$2:$B$106,H65)+COUNTIF($D$2:$D$106,H65) -> 10 | J65: 1
A66: 39829 | B66: CTW | C66: Matt Karchner | D66: GAR | E66: 10.06 | F66: 0 | H66: TEW | I66: =COUNTIF($B$2:$B$106,H66)+COUNTIF($D$2:$D$106,H66) -> 5 | J66: 1 | K66: 1
A67: 39829 | B67: CTW | C67: Mike Fyhrie, CTW9910 | D67: RMO | E67: 10.08, 10.16, 14.13 | F67: 1 | H67: WIN | I67: =COUNTIF($B$2:$B$106,H67)+COUNTIF($D$2:$D$106,H67) -> 10 | J67: 1
A68: 39829 | B68: CTW | C68: CTW9908 | D68: FFR | E68: 11.09, 11.13, 12.01, 12.06 and 12.09. | F68: 1 | H68: ZZY | I68: =COUNTIF($B$2:$B$106,H68)+COUNTIF($D$2:$D$106,H68) -> 6 | J68: 1
A69: 39830 | B69: CIN | C69: CIN9908 | D69: WIN | E69: 12.08, 13.08, 14.06 | F69: 1 | H69: F/A | I69: =COUNTIF($B$2:$B$106,H69)+COUNTIF($D$2:$D$106,H69) -> 2
A70: 39832 | B70: CIN | C70: Joey Hamilton | D70: RMO | E70: 16.02, RMO9906 | F70: 1
A71: 39838 | B71: FDH | C71: Kurt Abbott | D71: MCL | E71: Shane Halter | F71: 0
A72: 39846 | B72: OKO | C72: Donovan Osborne | D72: RMO | E72: Mike Fyhrie | F72: 0
A73: 39859 | B73: BBG | C73: DLM9905 | D73: NEP | E73: John Johnstone | F73: 0
A74: 39862 | B74: BAR | C74: BAR9917 | D74: WIN | E74: Gary Bennett | F74: 1
A75: 39862 | B75: BAR | C75: BAR9922 | D75: FFR | E75: Rick Wilkins | F75: 1
A76: 39864 | B76: GAR | C76: Doug Henry | D76: TEW | E76: TEW9904 | F76: 1
A77: 39869 | B77: MCL | C77: Brian Boehringer | D77: RMO | E77: Eric Karros | F77: 0
A78: 39874 | B78: CTW | C78: Chili Davis, Hector Ortiz, CTW9912 | D78: NEP | E78: Ruben Rivera | F78: 1
A79: 39878 | B79: CEN | C79: 9902, Aguilera, Elster, Machado, Osik | D79: WIN | E79: Wetteland, Benjamin, Myers | F79: 1
A80: 39880 | B80: RMO | C80: Braden Looper, Ryan Dempter | D80: WIN | E80: Miller,Tre, Reyes,A, Plesac | F80: 0
A81: 39885 | B81: CTW | C81: Dan Miceli, Bill Simas | D81: TAR | E81: TAR9906, Greisinger, Woodall | F81: 1
... A106: 39922 | B106: RMO | C106: RMO9905 | D106: F/A | E106: Matt Beech | F106: 1

Sheet Teams
A1: Code | B1: 1 | C1: =MAX(C2:C21) -> 14 | D1: 14 | E1: 22 | F1: 17 | G1: 14 | H1: # of Picks
A2: BBG | B2: =VLOOKUP(A2,A$2:G$21,3+B$1,0) -> Canter | C2: =LEN(B2) -> 6 | D2: Canter | E2: Baraboo | F2: Goitermen | G2: Yard | H2: =COUNTIF('1999 Draft'!$E$3:$E$324,Teams!A2) -> 21
A3: BAR | B3: =VLOOKUP(A3,A$2:G$21,3+B$1,0) -> Marshall | C3: =LEN(B3) -> 8 | D3: Marshall | E3: Barcelona | F3: Brewers | G3: Marcia ^3 | H3: =COUNTIF('1999 Draft'!$E$3:$E$324,Teams!A3) -> 18
A4: CEN | B4: =VLOOKUP(A4,A$2:G$21,3+B$1,0) -> Stearns | C4: =LEN(B4) -> 7 | D4: Stearns | E4: Century | F4: Atoms | G4: Stearns | H4: =COUNTIF('1999 Draft'!$E$3:$E$324,Teams!A4) -> 0
A5: CTW | B5: =VLOOKUP(A5,A$2:G$21,3+B$1,0) -> RMiller | C5: =LEN(B5) -> 7 | D5: RMiller | E5: Chinatrust | F5: Whales | G5: West Coast | H5: =COUNTIF('1999 Draft'!$E$3:$E$324,Teams!A5) -> 20
A6: CIN | B6: =VLOOKUP(A6,A$2:G$21,3+B$1,0) -> CMiller | C6: =LEN(B6) -> 7 | D6: CMiller | E6: Cincinnati | F6: Reds | G6: Midwest | H6: =COUNTIF('1999 Draft'!$E$3:$E$324,Teams!A6) -> 21
A7: DLM | B7: =VLOOKUP(A7,A$2:G$21,3+B$1,0) -> Potter | C7: =LEN(B7) -> 6 | D7: Potter | E7: Dún Laoghaire | F7: Messiahs | G7: Potsy | H7: =COUNTIF('1999 Draft'!$E$3:$E$324,Teams!A7) -> 25
A8: EVN | B8: =VLOOKUP(A8,A$2:G$21,3+B$1,0) -> Henninger | C8: =LEN(B8) -> 9 | D8: Henninger | E8: Evanston | F8: Endorphins | G8: Henninger | H8: =COUNTIF('1999 Draft'!$E$3:$E$324,Teams!A8) -> 21
A9: FFR | B9: =VLOOKUP(A9,A$2:G$21,3+B$1,0) -> Scott | C9: =LEN(B9) -> 5 | D9: Scott | E9: Fallkirk | F9: Frightened Rabbit | G9: Snorkles | H9: =COUNTIF('1999 Draft'!$E$3:$E$324,Teams!A9) -> 21
A10: FDH | B10: =VLOOKUP(A10,A$2:G$21,3+B$1,0) -> English | C10: =LEN(B10) -> 7 | D10: English | E10: Felldownhead | F10: Firsts | G10: Engrish | H10: =COUNTIF('1999 Draft'!$E$3:$E$324,Teams!A10) -> 7
A11: FER | B11: =VLOOKUP(A11,A$2:G$21,3+B$1,0) -> Olkin | C11: =LEN(B11) -> 5 | D11: Olkin | E11: Ferdinand | F11: Magellans | G11: Olkin | H11: =COUNTIF('1999 Draft'!$E$3:$E$324,Teams!A11) -> 16
A12: FHK | B12: =VLOOKUP(A12,A$2:G$21,3+B$1,0) -> Chernow | C12: =LEN(B12) -> 7 | D12: Chernow | E12: Ferlin | F12: Huskies | G12: Trogdor | H12: =COUNTIF('1999 Draft'!$E$3:$E$324,Teams!A12) -> 15
A13: FLL | B13: =VLOOKUP(A13,A$2:G$21,3+B$1,0) -> Carroll/Kleine | C13: =LEN(B13) -> 14 | D13: Carroll/Kleine | E13: French Lick | F13: Linguists | G13: die kleinen Carroll | H13: =COUNTIF('1999 Draft'!$E$3:$E$324,Teams!A20) -> 10
A14: GAR | B14: =VLOOKUP(A14,A$2:G$21,3+B$1,0) -> Bernstein | C14: =LEN(B14) -> 9 | D14: Bernstein | E14: Garmisch-Partenkirchen | F14: Shebazzle! | G14: DrewBFrog | H14: =COUNTIF('1999 Draft'!$E$3:$E$324,Teams!A13) -> 16
A15: MCL | B15: =VLOOKUP(A15,A$2:G$21,3+B$1,0) -> Manuel | C15: =LEN(B15) -> 6 | D15: Manuel | E15: McCullers | F15: Lancers | G15: Manny | H15: =COUNTIF('1999 Draft'!$E$3:$E$324,Teams!A14) -> 17
A16: NEP | B16: =VLOOKUP(A16,A$2:G$21,3+B$1,0) -> Sasman | C16: =LEN(B16) -> 6 | D16: Sasman | E16: Newfoundland | F16: Perfectos | G16: Foxy | H16: =COUNTIF('1999 Draft'!$E$3:$E$324,Teams!A15) -> 15
A17: OKO | B17: =VLOOKUP(A17,A$2:G$21,3+B$1,0) -> Smith | C17: =LEN(B17) -> 5 | D17: Smith | E17: Okoboji | F17: Farmers | G17: Smith | H17: =COUNTIF('1999 Draft'!$E$3:$E$324,Teams!A16) -> 16
A18: RMO | B18: =VLOOKUP(A18,A$2:G$21,3+B$1,0) -> Haverty/Mojo | C18: =LEN(B18) -> 12 | D18: Haverty/Mojo | E18: Rocky Mountain | F18: Oysters | G18: Haverty/Mojo | H18: =COUNTIF('1999 Draft'!$E$3:$E$324,Teams!A17) -> 13
A19: TAR | B19: =VLOOKUP(A19,A$2:G$21,3+B$1,0) -> Lingo | C19: =LEN(B19) -> 5 | D19: Lingo | E19: Tarboro | F19: Goobers | G19: Lingoba | H19: =COUNTIF('1999 Draft'!$E$3:$E$324,Teams!A18) -> 11
A20: TEW | B20: =VLOOKUP(A20,A$2:G$21,3+B$1,0) -> Bailey | C20: =LEN(B20) -> 6 | D20: Bailey | E20: Tewksbury | F20: Bobs | G20: Shecky | H20: =COUNTIF('1999 Draft'!$E$3:$E$324,Teams!A19) -> 19
A21: ZZY | B21: =VLOOKUP(A21,A$2:G$21,3+B$1,0) -> Poole | C21: =LEN(B21) -> 5 | D21: Poole | E21: Zzyzx | F21: Loadies | G21: Poole | H21: =COUNTIF('1999 Draft'!$E$3:$E$324,Teams!A21) -> 20
