Workbook

Sheet dump
A1: Manager Profile for 1999 Chinatrust Whales | B1: =TRIM(A1) -> Manager Profile for 1999 Chinatrust Whales
A2: 12345678901234567890123456789012345678901234567890123456789012345678901234567890123456789012345678901234567890
A3: Pitching Chart | B3: =TRIM(A3) -> Pitching Chart
A5: Usage mode: Strict | B5: Usage Mode: | C5: =TRIM(MID(A5,16,6)) -> Strict
A6: Rotation size: 4 | B6: Rotation Size: | C6: =1*MID(A6,16,1) -> 4
A7: Next starter: 1 | B7: Next Starter: | C7: =1*MID(A7,16,1) -> 1 | D7: =VLOOKUP(C7,$B$10:$C$14,2,0) -> Johnson,Ra
A9: Starting Rotation Johnson,Ra Boehringer Lima Burba | C9: Rotation | D9: Spot Starters | E9: % | F9: Mopup | G9: Long | H9: Setup Vs LHB | I9: Setup vs RHB | J9: Closers vs LHB | K9: Closers vs RHB
A10: Spot Starters | B10: 1 | C10: =TRIM(MID(A$9,21,18)) -> Johnson,Ra | D10: =TRIM(MID(A$10,21,18)) | E10: =IF(D10="","",1*TRIM(MID(A$11,21,18))) | F10: =TRIM(MID(A$13,21,18)) -> Loaiza | G10: =TRIM(MID(A$14,21,18)) -> Trombley | H10: =TRIM(MID(A$15,21,18)) -> Quantrill | I10: =TRIM(MID(A$16,21,18)) -> Perisho | J10: =TRIM(MID(A$17,21,18)) -> Rivera,M | K10: =TRIM(MID(A$18,21,18)) -> Rivera,M
A11: Spot Pct | B11: 2 | C11: =TRIM(MID(A$9,39,18)) -> Boehringer | D11: =TRIM(MID(A$10,39,18)) | E11: =IF(D11="","",1*TRIM(MID(A$11,39,18))) | F11: =TRIM(MID(A$13,39,18)) -> Boehringer | G11: =TRIM(MID(A$14,39,18)) -> Shuey | H11: =TRIM(MID(A$15,39,18)) -> Montgomery,S | I11: =TRIM(MID(A$16,39,18)) -> Quantrill | J11: =TRIM(MID(A$17,39,18)) -> Montgomery,S | K11: =TRIM(MID(A$18,39,18)) -> Quantrill
B12: 3 | C12: =TRIM(MID(A$9,57,18)) -> Lima | D12: =TRIM(MID(A$10,57,18)) | E12: =IF(D12="","",1*TRIM(MID(A$11,57,18))) | F12: =TRIM(MID(A$13,57,18)) | G12: =TRIM(MID(A$14,57,18)) -> Montgomery,S | H12: =TRIM(MID(A$15,57,18)) -> Trombley | I12: =TRIM(MID(A$16,57,18)) -> Shuey | J12: =TRIM(MID(A$17,57,18)) | K12: =TRIM(MID(A$18,57,18))
A13: Mopup situations Loaiza Boehringer | B13: 4 | C13: =TRIM(MID(A$9,75,18)) -> Burba | D13: =TRIM(MID(A$10,75,18)) | E13: =IF(D13="","",1*TRIM(MID(A$11,75,18))) | F13: =TRIM(MID(A$13,75,18)) | G13: =TRIM(MID(A$14,75,18)) -> Quantrill | H13: =TRIM(MID(A$15,75,18)) -> Perisho | I13: =TRIM(MID(A$16,75,18)) -> Montgomery,S | J13: =TRIM(MID(A$17,75,18)) | K13: =TRIM(MID(A$18,75,18))
A14: Long relievers Trombley Shuey Montgomery,S Quantrill Perisho | B14: 5 | C14: =TRIM(MID(A$9,93,18)) | D14: =TRIM(MID(A$10,93,18)) | E14: =IF(D14="","",1*TRIM(MID(A$11,93,18))) | F14: =TRIM(MID(A$13,93,18)) | G14: =TRIM(MID(A$14,93,18)) -> Perisho | H14: =TRIM(MID(A$15,93,18)) -> Shuey | I14: =TRIM(MID(A$16,93,18)) -> Trombley | J14: =TRIM(MID(A$17,93,18)) | K14: =TRIM(MID(A$18,93,18))
A15: Setup vs LHB Quantrill Montgomery,S Trombley Perisho Shuey
A16: Setup vs RHB Perisho Quantrill Shuey Montgomery,S Trombley
A17: Closers vs LHB Rivera,M Montgomery,S | B17: =TRIM(A23) -> Depth Chart for 1999 Chinatrust Whales -- vs LHP
A18: Closers vs RHB Rivera,M Quantrill
B19: Usage: | C19: =TRIM(MID(A26,8,18)) -> Game by game
A20: .................................................................................................... | B20: Versus: | C20: =TRIM(MID(A26,36,5)) -> Left
A21: Manager Profile for 1999 Chinatrust Whales | B21: DH: | C21: =TRIM(MID(A26,52,3)) -> No
A23: Depth Chart for 1999 Chinatrust Whales -- vs LHP | B23: Starting Lineup
B25: 1 | C25: =TRIM(MID(A30,4,16)) -> Henderson | D25: =TRIM(MID(A30,21,2)) -> lf
A26: Usage: Game by game Versus: Left DH: No | B26: 2 | C26: =TRIM(MID(A31,4,16)) -> Bordick | D26: =TRIM(MID(A31,21,2)) -> ss
B27: 3 | C27: =TRIM(MID(A32,4,16)) -> Sanders,R | D27: =TRIM(MID(A32,21,2)) -> cf
A28: Starting Lineup | B28: 4 | C28: =TRIM(MID(A33,4,16)) -> Jones,C | D28: =TRIM(MID(A33,21,2)) -> 3b
B29: 5 | C29: =TRIM(MID(A34,4,16)) -> McGwire | D29: =TRIM(MID(A34,21,2)) -> 1b
A30: 1: Henderson lf | B30: 6 | C30: =TRIM(MID(A35,4,16)) -> Howard,T | D30: =TRIM(MID(A35,21,2)) -> rf
A31: 2: Bordick ss | B31: 7 | C31: =TRIM(MID(A36,4,16)) -> Reese | D31: =TRIM(MID(A36,21,2)) -> 2b
A32: 3: Sanders,R cf | B32: 8 | C32: =TRIM(MID(A37,4,16)) -> Pratt | D32: =TRIM(MID(A37,21,2)) -> c
A33: 4: Jones,C 3b
A34: 5: McGwire 1b | C34: Catcher | E34: First Base | G34: Second Base | I34: Third Base | K34: Shortstop
A35: 6: Howard,T rf | B35: Start | C35: =TRIM(MID($A44,7,16)) -> Pratt | E35: =TRIM(MID($A44,28,16)) -> McGwire | G35: =TRIM(MID($A44,49,16)) -> Reese | I35: =TRIM(MID($A44,70,16)) -> Jones,C | K35: =TRIM(MID($A56,7,16)) -> Bordick
A36: 7: Reese 2b | B36: Plat | C36: =TRIM(MID($A45,7,16)) | E36: =TRIM(MID($A45,28,16)) | G36: =TRIM(MID($A45,49,16)) | I36: =TRIM(MID($A45,70,16)) | K36: =TRIM(MID($A57,7,16))
A37: 8: Pratt c | B37: Def | C37: =TRIM(MID($A46,7,16)) | E37: =TRIM(MID($A46,28,16)) -> Durazo | G37: =TRIM(MID($A46,49,16)) -> Reese | I37: =TRIM(MID($A46,70,16)) | K37: =TRIM(MID($A58,7,16))
A38: 0.375 | B38: Util1 | C38: =TRIM(MID($A47,7,16)) -> Kinkade | D38: =IF(C38="","",1*MID($A47,24,2)) -> 0 | E38: =TRIM(MID($A47,28,16)) -> Buhner | F38: =IF(E38="","",1*MID($A47,45,2)) -> 0 | G38: =TRIM(MID($A47,49,16)) | H38: =IF(G38="","",1*MID($A47,66,2)) | I38: =TRIM(MID($A47,70,16)) -> Battle | J38: =IF(I38="","",1*MID($A47,87,2)) -> 0 | K38: =TRIM(MID($A59,7,16)) | L38: =IF(K38="","",1*MID($A59,24,2))
B39: Util2 | C39: =TRIM(MID($A48,7,16)) -> Pratt | D39: =IF(C39="","",1*MID($A48,24,2)) -> 0 | E39: =TRIM(MID($A48,28,16)) | F39: =IF(E39="","",1*MID($A48,45,2)) | G39: =TRIM(MID($A48,49,16)) | H39: =IF(G39="","",1*MID($A48,66,2)) | I39: =TRIM(MID($A48,70,16)) | J39: =IF(I39="","",1*MID($A48,87,2)) | K39: =TRIM(MID($A60,7,16)) | L39: =IF(K39="","",1*MID($A60,24,2))
B40: Util3 | C40: =TRIM(MID($A49,7,16)) -> Johnson,B | D40: =IF(C40="","",1*MID($A49,24,2)) -> 0 | E40: =TRIM(MID($A49,28,16)) | F40: =IF(E40="","",1*MID($A49,45,2)) | G40: =TRIM(MID($A49,49,16)) | H40: =IF(G40="","",1*MID($A49,66,2)) | I40: =TRIM(MID($A49,70,16)) | J40: =IF(I40="","",1*MID($A49,87,2)) | K40: =TRIM(MID($A61,7,16)) | L40: =IF(K40="","",1*MID($A61,24,2))
B41: Util4 | C41: =TRIM(MID($A50,7,16)) | D41: =IF(C41="","",1*MID($A50,24,2)) | E41: =TRIM(MID($A50,28,16)) | F41: =IF(E41="","",1*MID($A50,45,2)) | G41: =TRIM(MID($A50,49,16)) | H41: =IF(G41="","",1*MID($A50,66,2)) | I41: =TRIM(MID($A50,70,16)) | J41: =IF(I41="","",1*MID($A50,87,2)) | K41: =TRIM(MID($A62,7,16)) | L41: =IF(K41="","",1*MID($A62,24,2))
A42: ----- Catcher ----- --- First Base ---- --- Second Base --- --- Third Base ---- | B42: Util5 | C42: =TRIM(MID($A51,7,16)) | D42: =IF(C42="","",1*MID($A51,24,2)) | E42: =TRIM(MID($A51,28,16)) | F42: =IF(E42="","",1*MID($A51,45,2)) | G42: =TRIM(MID($A51,49,16)) | H42: =IF(G42="","",1*MID($A51,66,2)) | I42: =TRIM(MID($A51,70,16)) | J42: =IF(I42="","",1*MID($A51,87,2)) | K42: =TRIM(MID($A63,7,16)) | L42: =IF(K42="","",1*MID($A63,24,2))
A44: Start Pratt McGwire Reese Jones,C | C44: Left Field | E44: Center Field | G44: Right Field | I44: Designated Hitter
A45: Plat | B45: Start | C45: =TRIM(MID($A56,28,16)) -> Henderson | E45: =TRIM(MID($A56,49,16)) -> Sanders,R | G45: =TRIM(MID($A56,70,16)) -> Howard,T | I45: =TRIM(MID($A68,7,16))
A46: Def Durazo Reese | B46: Plat | C46: =TRIM(MID($A57,28,16)) | E46: =TRIM(MID($A57,49,16)) | G46: =TRIM(MID($A57,70,16)) -> Everett | I46: =TRIM(MID($A69,7,16))
A47: Util1 Kinkade 0 Buhner 0 Battle 0 | B47: Def | C47: =TRIM(MID($A58,28,16)) | E47: =TRIM(MID($A58,49,16)) -> Everett | G47: =TRIM(MID($A58,70,16)) -> Santangelo | I47: =TRIM(MID($A70,7,16))
A48: Util2 Pratt 0 | B48: Util1 | C48: =TRIM(MID($A59,28,16)) | D48: =IF(C48="","",1*MID($A59,45,2)) | E48: =TRIM(MID($A59,49,16)) | F48: =IF(E48="","",1*MID($A59,66,2)) | G48: =TRIM(MID($A59,70,16)) | H48: =IF(G48="","",1*MID($A59,87,2)) | I48: =TRIM(MID($A71,7,16)) | J48: =IF(I48="","",1*MID($A71,24,2))
A49: Util3 Johnson,B 0 | B49: Util2 | C49: =TRIM(MID($A60,28,16)) | D49: =IF(C49="","",1*MID($A60,45,2)) | E49: =TRIM(MID($A60,49,16)) | F49: =IF(E49="","",1*MID($A60,66,2)) | G49: =TRIM(MID($A60,70,16)) | H49: =IF(G49="","",1*MID($A60,87,2)) | I49: =TRIM(MID($A72,7,16)) | J49: =IF(I49="","",1*MID($A72,24,2))
A50: Util4 | B50: Util3 | C50: =TRIM(MID($A61,28,16)) | D50: =IF(C50="","",1*MID($A61,45,2)) | E50: =TRIM(MID($A61,49,16)) | F50: =IF(E50="","",1*MID($A61,66,2)) | G50: =TRIM(MID($A61,70,16)) | H50: =IF(G50="","",1*MID($A61,87,2)) | I50: =TRIM(MID($A73,7,16)) | J50: =IF(I50="","",1*MID($A73,24,2))
A51: Util5 | B51: Util4 | C51: =TRIM(MID($A62,28,16)) | D51: =IF(C51="","",1*MID($A62,45,2)) | E51: =TRIM(MID($A62,49,16)) | F51: =IF(E51="","",1*MID($A62,66,2)) | G51: =TRIM(MID($A62,70,16)) | H51: =IF(G51="","",1*MID($A62,87,2)) | I51: =TRIM(MID($A74,7,16)) | J51: =IF(I51="","",1*MID($A74,24,2))
B52: Util5 | C52: =TRIM(MID($A63,28,16)) | D52: =IF(C52="","",1*MID($A63,45,2)) | E52: =TRIM(MID($A63,49,16)) | F52: =IF(E52="","",1*MID($A63,66,2)) | G52: =TRIM(MID($A63,70,16)) | H52: =IF(G52="","",1*MID($A63,87,2)) | I52: =TRIM(MID($A75,7,16)) | J52: =IF(I52="","",1*MID($A75,24,2))
A54: ---- Shortstop ---- --- Left Field ---- -- Center Field --- --- Right Field --- | C54: PH vs LHP | E54: PH vs RHP
B55: Start | C55: =TRIM(MID($A68,28,16)) | E55: =TRIM(MID($A68,49,16))
A56: Start Bordick Henderson Sanders,R Howard,T | B56: Plat | C56: =TRIM(MID($A69,28,16)) | E56: =TRIM(MID($A69,49,16))
A57: Plat Everett | B57: Def | C57: =TRIM(MID($A70,28,16)) | E57: =TRIM(MID($A70,49,16))
A58: Def Everett Santangelo | B58: Util1 | C58: =TRIM(MID($A71,28,16)) -> Battle | E58: =TRIM(MID($A71,49,16)) -> Canizaro
A59: Util1 | B59: Util2 | C59: =TRIM(MID($A72,28,16)) -> Durazo | E59: =TRIM(MID($A72,49,16)) -> Everett | I59: =TRIM(MID($A68,70,16))
A60: Util2 | B60: Util3 | C60: =TRIM(MID($A73,28,16)) -> Santangelo | E60: =TRIM(MID($A73,49,16)) -> Durazo | I60: =TRIM(MID($A69,70,16))
A61: Util3 | B61: Util4 | C61: =TRIM(MID($A74,28,16)) -> Everett | E61: =TRIM(MID($A74,49,16)) -> Benard | I61: =TRIM(MID($A70,70,16))
A62: Util4 | B62: Util5 | C62: =TRIM(MID($A75,28,16)) -> Reese | E62: =TRIM(MID($A75,49,16)) -> Santangelo | I62: =TRIM(MID($A71,70,16)) | J62: =IF(I62="","",1*MID($A71,87,2))
A63: Util5 | I63: =TRIM(MID($A72,70,16)) | J63: =IF(I63="","",1*MID($A72,87,2))
I64: =TRIM(MID($A73,70,16)) | J64: =IF(I64="","",1*MID($A73,87,2))
B65: =TRIM(A80) -> Depth Chart for 1999 Chinatrust Whales -- vs RHP
A66: Designated Hitter ---- PH vs LHP ---- ---- PH vs RHP ----
B67: Usage: | C67: =TRIM(MID(A83,8,18)) -> Game by game
A68: Start | B68: Versus: | C68: =TRIM(MID(A83,36,5)) -> Right
A69: Plat | B69: DH: | C69: =TRIM(MID(A83,52,3)) -> No
A70: Def
A71: Util1 Battle Canizaro | B71: Starting Lineup
A72: Util2 Durazo Everett
A73: Util3 Santangelo Durazo | B73: 1 | C73: =TRIM(MID(A87,4,16)) -> Everett | D73: =TRIM(MID(A87,21,2)) -> cf
A74: Util4 Everett Benard | B74: 2 | C74: =TRIM(MID(A88,4,16)) -> Jones,C | D74: =TRIM(MID(A88,21,2)) -> 3b
A75: Util5 Reese Santangelo | B75: 3 | C75: =TRIM(MID(A89,4,16)) -> Sanders,R | D75: =TRIM(MID(A89,21,2)) -> rf
B76: 4 | C76: =TRIM(MID(A90,4,16)) -> McGwire | D76: =TRIM(MID(A90,21,2)) -> 1b
A77: .................................................................................................... | B77: 5 | C77: =TRIM(MID(A91,4,16)) -> Benard | D77: =TRIM(MID(A91,21,2)) -> lf
A78: Manager Profile for 1999 Chinatrust Whales | B78: 6 | C78: =TRIM(MID(A92,4,16)) -> LaRue | D78: =TRIM(MID(A92,21,2)) -> c
B79: 7 | C79: =TRIM(MID(A93,4,16)) -> Reese | D79: =TRIM(MID(A93,21,2)) -> 2b
A80: Depth Chart for 1999 Chinatrust Whales -- vs RHP | B80: 8 | C80: =TRIM(MID(A94,4,16)) -> Bordick | D80: =TRIM(MID(A94,21,2)) -> ss
C82: Catcher | E82: First Base | G82: Second Base | I82: Third Base | K82: Shortstop
A83: Usage: Game by game Versus: Right DH: No | B83: Start | C83: =TRIM(MID($A101,7,16)) -> LaRue | E83: =TRIM(MID($A101,28,16)) -> McGwire | G83: =TRIM(MID($A101,49,16)) -> Reese | I83: =TRIM(MID($A101,70,16)) -> Jones,C | K83: =TRIM(MID($A113,7,16)) -> Bordick
B84: Plat | C84: =TRIM(MID($A102,7,16)) -> Servais | E84: =TRIM(MID($A102,28,16)) | G84: =TRIM(MID($A102,49,16)) | I84: =TRIM(MID($A102,70,16)) | K84: =TRIM(MID($A114,7,16)) -> Bordick
A85: Starting Lineup | B85: Def | C85: =TRIM(MID($A103,7,16)) | E85: =TRIM(MID($A103,28,16)) -> Durazo | G85: =TRIM(MID($A103,49,16)) -> Reese | I85: =TRIM(MID($A103,70,16)) | K85: =TRIM(MID($A115,7,16)) -> Bordick
B86: Util1 | C86: =TRIM(MID($A104,7,16)) -> Decker | D86: =IF(C86="","",1*MID($A104,24,2)) -> 0 | E86: =TRIM(MID($A104,28,16)) -> Durazo | F86: =IF(E86="","",1*MID($A104,45,2)) -> 25 | G86: =TRIM(MID($A104,49,16)) -> Canizaro | H86: =IF(G86="","",1*MID($A104,66,2)) -> 0 | I86: =TRIM(MID($A104,70,16)) | J86: =IF(I86="","",1*MID($A104,87,2)) | K86: =TRIM(MID($A116,7,16)) -> Reese | L86: =IF(K86="","",1*MID($A116,24,2)) -> 0
A87: 1: Everett cf | B87: Util2 | C87: =TRIM(MID($A105,7,16)) -> Pratt | D87: =IF(C87="","",1*MID($A105,24,2)) -> 0 | E87: =TRIM(MID($A105,28,16)) | F87: =IF(E87="","",1*MID($A105,45,2)) | G87: =TRIM(MID($A105,49,16)) | H87: =IF(G87="","",1*MID($A105,66,2)) | I87: =TRIM(MID($A105,70,16)) | J87: =IF(I87="","",1*MID($A105,87,2)) | K87: =TRIM(MID($A117,7,16)) | L87: =IF(K87="","",1*MID($A117,24,2))
A88: 2: Jones,C 3b | B88: Util3 | C88: =TRIM(MID($A106,7,16)) -> Spehr | D88: =IF(C88="","",1*MID($A106,24,2)) -> 0 | E88: =TRIM(MID($A106,28,16)) | F88: =IF(E88="","",1*MID($A106,45,2)) | G88: =TRIM(MID($A106,49,16)) | H88: =IF(G88="","",1*MID($A106,66,2)) | I88: =TRIM(MID($A106,70,16)) | J88: =IF(I88="","",1*MID($A106,87,2)) | K88: =TRIM(MID($A118,7,16)) | L88: =IF(K88="","",1*MID($A118,24,2))
A89: 3: Sanders,R rf | B89: Util4 | C89: =TRIM(MID($A107,7,16)) -> LaRue | D89: =IF(C89="","",1*MID($A107,24,2)) -> 0 | E89: =TRIM(MID($A107,28,16)) | F89: =IF(E89="","",1*MID($A107,45,2)) | G89: =TRIM(MID($A107,49,16)) | H89: =IF(G89="","",1*MID($A107,66,2)) | I89: =TRIM(MID($A107,70,16)) | J89: =IF(I89="","",1*MID($A107,87,2)) | K89: =TRIM(MID($A119,7,16)) | L89: =IF(K89="","",1*MID($A119,24,2))
A90: 4: McGwire 1b | B90: Util5 | C90: =TRIM(MID($A108,7,16)) -> Servais | D90: =IF(C90="","",1*MID($A108,24,2)) -> 0 | E90: =TRIM(MID($A108,28,16)) | F90: =IF(E90="","",1*MID($A108,45,2)) | G90: =TRIM(MID($A108,49,16)) | H90: =IF(G90="","",1*MID($A108,66,2)) | I90: =TRIM(MID($A108,70,16)) | J90: =IF(I90="","",1*MID($A108,87,2)) | K90: =TRIM(MID($A120,7,16)) | L90: =IF(K90="","",1*MID($A120,24,2))
A91: 5: Benard lf
A92: 6: LaRue c | C92: Left Field | E92: Center Field | G92: Right Field | I92: Designated Hitter
A93: 7: Reese 2b | B93: Start | C93: =TRIM(MID($A113,28,16)) -> Benard | E93: =TRIM(MID($A113,49,16)) -> Everett | G93: =TRIM(MID($A113,70,16)) -> Sanders,R | I93: =TRIM(MID($A125,7,16))
A94: 8: Bordick ss | B94: Plat | C94: =TRIM(MID($A114,28,16)) -> Henderson | E94: =TRIM(MID($A114,49,16)) | G94: =TRIM(MID($A114,70,16)) | I94: =TRIM(MID($A126,7,16))
A95: 0.375 | B95: Def | C95: =TRIM(MID($A115,28,16)) -> Benard | E95: =TRIM(MID($A115,49,16)) | G95: =TRIM(MID($A115,70,16)) -> Sanders,R | I95: =TRIM(MID($A127,7,16))
B96: Util1 | C96: =TRIM(MID($A116,28,16)) -> Everett | D96: =IF(C96="","",1*MID($A116,45,2)) -> 0 | E96: =TRIM(MID($A116,49,16)) -> Benard | F96: =IF(E96="","",1*MID($A116,66,2)) -> 0 | G96: =TRIM(MID($A116,70,16)) -> Henderson | H96: =IF(G96="","",1*MID($A116,87,2)) -> 50 | I96: =TRIM(MID($A128,7,16)) | J96: =IF(I96="","",1*MID($A128,24,2))
B97: Util2 | C97: =TRIM(MID($A117,28,16)) -> Henderson | D97: =IF(C97="","",1*MID($A117,45,2)) -> 0 | E97: =TRIM(MID($A117,49,16)) | F97: =IF(E97="","",1*MID($A117,66,2)) | G97: =TRIM(MID($A117,70,16)) -> Buhner | H97: =IF(G97="","",1*MID($A117,87,2)) -> 25 | I97: =TRIM(MID($A129,7,16)) | J97: =IF(I97="","",1*MID($A129,24,2))
B98: Util3 | C98: =TRIM(MID($A118,28,16)) | D98: =IF(C98="","",1*MID($A118,45,2)) | E98: =TRIM(MID($A118,49,16)) | F98: =IF(E98="","",1*MID($A118,66,2)) | G98: =TRIM(MID($A118,70,16)) | H98: =IF(G98="","",1*MID($A118,87,2)) | I98: =TRIM(MID($A130,7,16)) | J98: =IF(I98="","",1*MID($A130,24,2))
A99: ----- Catcher ----- --- First Base ---- --- Second Base --- --- Third Base ---- | B99: Util4 | C99: =TRIM(MID($A119,28,16)) | D99: =IF(C99="","",1*MID($A119,45,2)) | E99: =TRIM(MID($A119,49,16)) | F99: =IF(E99="","",1*MID($A119,66,2)) | G99: =TRIM(MID($A119,70,16)) | H99: =IF(G99="","",1*MID($A119,87,2)) | I99: =TRIM(MID($A131,7,16)) | J99: =IF(I99="","",1*MID($A131,24,2))
B100: Util5 | C100: =TRIM(MID($A120,28,16)) | D100: =IF(C100="","",1*MID($A120,45,2)) | E100: =TRIM(MID($A120,49,16)) | F100: =IF(E100="","",1*MID($A120,66,2)) | G100: =TRIM(MID($A120,70,16)) | H100: =IF(G100="","",1*MID($A120,87,2)) | I100: =TRIM(MID($A132,7,16)) | J100: =IF(I100="","",1*MID($A132,24,2))
A101: Start LaRue McGwire Reese Jones,C
A102: Plat Servais | C102: PH vs LHP | E102: PH vs RHP
A103: Def Durazo Reese | B103: Start | C103: =TRIM(MID($A125,28,16)) | E103: =TRIM(MID($A125,49,16))
A104: Util1 Decker 0 Durazo 25 Canizaro 0 | B104: Plat | C104: =TRIM(MID($A126,28,16)) | E104: =TRIM(MID($A126,49,16))
A105: Util2 Pratt 0 | B105: Def | C105: =TRIM(MID($A127,28,16)) | E105: =TRIM(MID($A127,49,16))
A106: Util3 Spehr 0 | B106: Util1 | C106: =TRIM(MID($A128,28,16)) -> Battle | E106: =TRIM(MID($A128,49,16)) -> Canizaro
A107: Util4 LaRue 0 | B107: Util2 | C107: =TRIM(MID($A129,28,16)) -> Henderson | E107: =TRIM(MID($A129,49,16)) -> McGwire | I107: =TRIM(MID($A125,70,16))
...

Sheet profile
A1: PITCHING CHART
B2: Usage Mode: | C2: =dump!$C$5 -> Strict | E2: Rotation Size: | F2: =dump!$C$6 -> 4 | H2: Next Starter: | I2: =dump!$C$7 -> 1
A3: Slot | B3: Starters | C3: Spot Starter | D3: Spot% | E3: Mopup | F3: Long | G3: Setup vs L | H3: Setup vs R | I3: Closer vs L | J3: Closer vs R
A4: 1 | B4: =dump!C10 -> Johnson,Ra | C4: =dump!D10 | D4: =dump!E10 | E4: =dump!F10 -> Loaiza | F4: =dump!G10 -> Trombley | G4: =dump!H10 -> Quantrill | H4: =dump!I10 -> Perisho | I4: =dump!J10 -> Rivera,M | J4: =dump!K10 -> Rivera,M
A5: 2 | B5: =dump!C11 -> Boehringer | C5: =dump!D11 | D5: =dump!E11 | E5: =dump!F11 -> Boehringer | F5: =dump!G11 -> Shuey | G5: =dump!H11 -> Montgomery,S | H5: =dump!I11 -> Quantrill | I5: =dump!J11 -> Montgomery,S | J5: =dump!K11 -> Quantrill
A6: 3 | B6: =dump!C12 -> Lima | C6: =dump!D12 | D6: =dump!E12 | E6: =dump!F12 | F6: =dump!G12 -> Montgomery,S | G6: =dump!H12 -> Trombley | H6: =dump!I12 -> Shuey | I6: =dump!J12 | J6: =dump!K12
A7: 4 | B7: =dump!C13 -> Burba | C7: =dump!D13 | D7: =dump!E13 | E7: =dump!F13 | F7: =dump!G13 -> Quantrill | G7: =dump!H13 -> Perisho | H7: =dump!I13 -> Montgomery,S | I7: =dump!J13 | J7: =dump!K13
A8: 5 | B8: =dump!C14 | C8: =dump!D14 | D8: =dump!E14 | E8: =dump!F14 | F8: =dump!G14 -> Perisho | G8: =dump!H14 -> Shuey | H8: =dump!I14 -> Trombley | I8: =dump!J14 | J8: =dump!K14
A9: DEPTH CHART VS LHP
B10: Usage: | C10: =dump!$C$19 -> Game by game | E10: Versus: | F10: =dump!$C$20 -> Left | G10: DH: | H10: =dump!$C$21 -> No
B11: Player | C11: Pos
A12: 1 | B12: =dump!C25 -> Henderson | C12: =dump!D25 -> lf
A13: 2 | B13: =dump!C26 -> Bordick | C13: =dump!D26 -> ss
A14: 3 | B14: =dump!C27 -> Sanders,R | C14: =dump!D27 -> cf
A15: 4 | B15: =dump!C28 -> Jones,C | C15: =dump!D28 -> 3b
A16: 5 | B16: =dump!C29 -> McGwire | C16: =dump!D29 -> 1b
A17: 6 | B17: =dump!C30 -> Howard,T | C17: =dump!D30 -> rf
A18: 7 | B18: =dump!C31 -> Reese | C18: =dump!D31 -> 2b
A19: 8 | B19: =dump!C32 -> Pratt | C19: =dump!D32 -> c
A20: 9 | B20: Pitcher | C20: p
E182: =INDEX($B$125:$B$179,MATCH(ROW()-181+10,$E$125:$E$179,0)) -> #N/A | F182: =INDEX($B$125:$B$179,MATCH(ROW()-181+20,$E$125:$E$179,0)) -> #N/A | G182: =INDEX($B$125:$B$179,MATCH(ROW()-181,$F$125:$F$179,0)) -> #N/A | H182: =INDEX($B$125:$B$179,MATCH(ROW()-181+10,$F$125:$F$179,0)) -> #N/A | J182: =INDEX($B$125:$B$179,MATCH(ROW()-181+10,$G$125:$G$179,0)) -> #N/A | K182: =INDEX($B$125:$B$179,MATCH(ROW()-181+20,$G$125:$G$179,0)) -> #N/A
E183: =INDEX($B$125:$B$179,MATCH(ROW()-181+10,$E$125:$E$179,0)) -> #N/A | F183: =INDEX($B$125:$B$179,MATCH(ROW()-181+20,$E$125:$E$179,0)) -> #N/A | G183: =INDEX($B$125:$B$179,MATCH(ROW()-181,$F$125:$F$179,0)) -> #N/A | H183: =INDEX($B$125:$B$179,MATCH(ROW()-181+10,$F$125:$F$179,0)) -> #N/A
E184: =INDEX($B$125:$B$179,MATCH(ROW()-181+10,$E$125:$E$179,0)) -> #N/A | F184: =INDEX($B$125:$B$179,MATCH(ROW()-181+20,$E$125:$E$179,0)) -> #N/A | G184: =INDEX($B$125:$B$179,MATCH(ROW()-181,$F$125:$F$179,0)) -> #N/A | H184: =INDEX($B$125:$B$179,MATCH(ROW()-181+10,$F$125:$F$179,0)) -> #N/A
E185: =INDEX($B$125:$B$179,MATCH(ROW()-181+10,$E$125:$E$179,0)) -> #N/A | F185: =INDEX($B$125:$B$179,MATCH(ROW()-181+20,$E$125:$E$179,0)) -> #N/A | G185: =INDEX($B$125:$B$179,MATCH(ROW()-181,$F$125:$F$179,0)) -> #N/A | H185: =INDEX($B$125:$B$179,MATCH(ROW()-181+10,$F$125:$F$179,0)) -> #N/A
E186: =INDEX($B$125:$B$179,MATCH(ROW()-181+10,$E$125:$E$179,0)) -> #N/A | F186: =INDEX($B$125:$B$179,MATCH(ROW()-181+20,$E$125:$E$179,0)) -> #N/A | G186: =INDEX($B$125:$B$179,MATCH(ROW()-181,$F$125:$F$179,0)) -> #N/A | H186: =INDEX($B$125:$B$179,MATCH(ROW()-181+10,$F$125:$F$179,0)) -> #N/A
E187: =INDEX($B$125:$B$179,MATCH(ROW()-181+10,$E$125:$E$179,0)) -> #N/A | F187: =INDEX($B$125:$B$179,MATCH(ROW()-181+20,$E$125:$E$179,0)) -> #N/A | G187: =INDEX($B$125:$B$179,MATCH(ROW()-181,$F$125:$F$179,0)) -> #N/A | H187: =INDEX($B$125:$B$179,MATCH(ROW()-181+10,$F$125:$F$179,0)) -> #N/A
E188: =INDEX($B$125:$B$179,MATCH(ROW()-181+10,$E$125:$E$179,0)) -> #N/A | F188: =INDEX($B$125:$B$179,MATCH(ROW()-181+20,$E$125:$E$179,0)) -> #N/A | G188: =INDEX($B$125:$B$179,MATCH(ROW()-181,$F$125:$F$179,0)) -> #N/A | H188: =INDEX($B$125:$B$179,MATCH(ROW()-181+10,$F$125:$F$179,0)) -> #N/A
E189: =INDEX($B$125:$B$179,MATCH(ROW()-181+10,$E$125:$E$179,0)) -> #N/A | F189: =INDEX($B$125:$B$179,MATCH(ROW()-181+20,$E$125:$E$179,0)) -> #N/A | G189: =INDEX($B$125:$B$179,MATCH(ROW()-181,$F$125:$F$179,0)) -> #N/A | H189: =INDEX($B$125:$B$179,MATCH(ROW()-181+10,$F$125:$F$179,0)) -> #N/A
E190: =INDEX($B$125:$B$179,MATCH(ROW()-181+10,$E$125:$E$179,0)) -> #N/A | F190: =INDEX($B$125:$B$179,MATCH(ROW()-181+20,$E$125:$E$179,0)) -> #N/A | G190: =INDEX($B$125:$B$179,MATCH(ROW()-181,$F$125:$F$179,0)) -> #N/A | H190: =INDEX($B$125:$B$179,MATCH(ROW()-181+10,$F$125:$F$179,0)) -> #N/A
E191: =INDEX($B$125:$B$179,MATCH(ROW()-181+10,$E$125:$E$179,0)) -> #N/A | F191: =INDEX($B$125:$B$179,MATCH(ROW()-181+20,$E$125:$E$179,0)) -> #N/A | G191: =INDEX($B$125:$B$179,MATCH(ROW()-181,$F$125:$F$179,0)) -> #N/A | H191: =INDEX($B$125:$B$179,MATCH(ROW()-181+10,$F$125:$F$179,0)) -> #N/A

Sheet Sheet3
